{"type":"FeatureCollection","features":[{"type":"Feature","properties":{"osm_relation_id":1077203,"name":"городской округ Алексин","admin_level":6,"center":[37.1776,54.4729],"area_km2":929.57,"source":"OpenStreetMap contributors (ODbL), Overpass API","fetched_at":"2026-09-13"},"geometry":{"type":"Polygon","coordinates":[[[37.001311,54.597965],[37.00029,54.599241],[36.993589,54.597696],[36.991251,54.599432],[36.991,54.602787],[36.985884,54.602378],[36.985727,54.604605],[36.982416,54.60535],[36.971101,54.604586],[36.963459,54.600987],[36.951595,54.600514],[36.950434,54.599914],[36.950998,54.598541],[36.943497,54.596205],[36.943529,54.591986],[36.932999,54.592514],[36.931633,54.592332],[36.933532,54.58985],[36.920727,54.589495],[36.918914,54.585653],[36.915952,54.583375],[36.914783,54.579469],[36.908323,54.580067],[36.907507,54.575474],[36.904513,54.572988],[36.907531,54.570864],[36.898867,54.568121],[36.894968,54.563494],[36.902467,54.55923],[36.905794,54.561244],[36.910868,54.55804],[36.913831,54.554361],[36.918599,54.553807],[36.929285,54.549586],[36.927349,54.5475],[36.922083,54.550073],[36.917915,54.549266],[36.914239,54.547388],[36.913653,54.545569],[36.916211,54.543978],[36.919232,54.54491],[36.922713,54.54379],[36.934261,54.537192],[36.928942,54.535205],[36.927743,54.533611],[36.934304,54.529929],[36.942882,54.528016],[36.948924,54.530172],[36.952701,54.529582],[36.955791,54.527413],[36.960318,54.528035],[36.962964,54.52547],[36.961876,54.522084],[36.957813,54.524861],[36.949412,54.521268],[36.946186,54.522474],[36.950693,54.524822],[36.949809,54.525675],[36.950588,54.526151],[36.945352,54.527678],[36.941686,54.526825],[36.94328,54.525592],[36.937412,54.523872],[36.94034,54.521068],[36.94454,54.520745],[36.937523,54.516568],[36.941926,54.50975],[36.933527,54.506468],[36.924977,54.508013],[36.923425,54.509711],[36.918999,54.509625],[36.917153,54.506441],[36.91576,54.506303],[36.903803,54.511321],[36.896923,54.509644],[36.89716,54.50787],[36.892747,54.506365],[36.879528,54.505084],[36.878239,54.503936],[36.874831,54.504847],[36.874288,54.50394],[36.877219,54.502882],[36.870825,54.493457],[36.875352,54.491919],[36.8783,54.487064],[36.881819,54.485188],[36.863087,54.482051],[36.857101,54.479463],[36.861299,54.473645],[36.866472,54.469871],[36.872695,54.47148],[36.877415,54.469925],[36.880453,54.463613],[36.890521,54.460556],[36.888139,54.455526],[36.885096,54.456571],[36.88013,54.453432],[36.881302,54.451269],[36.878718,54.449585],[36.879887,54.448226],[36.876292,54.447236],[36.88135,54.434093],[36.890038,54.428279],[36.893226,54.428268],[36.913258,54.441254],[36.941355,54.446838],[36.942953,54.443924],[36.941539,54.439279],[36.942835,54.435136],[36.950346,54.435071],[36.967318,54.432298],[36.972075,54.429366],[36.965112,54.422072],[36.958528,54.41901],[36.965122,54.411305],[36.971919,54.406081],[36.967601,54.40447],[36.968593,54.402624],[36.978075,54.395407],[36.98198,54.393964],[36.984222,54.38842],[36.980191,54.385498],[36.980223,54.383624],[36.962116,54.365724],[36.959302,54.364959],[36.959641,54.363588],[36.952185,54.362436],[36.954364,54.359108],[36.947833,54.352658],[36.943038,54.350034],[36.937385,54.35064],[36.94009,54.347258],[36.931142,54.342983],[36.934381,54.341803],[36.945732,54.34219],[36.940593,54.339847],[36.949509,54.333721],[36.955044,54.334038],[36.962597,54.331458],[36.967434,54.332816],[36.968491,54.331395],[36.966335,54.327664],[36.96821,54.32599],[36.967677,54.322828],[36.964354,54.319754],[36.968931,54.309426],[36.963764,54.307303],[36.965185,54.304976],[36.972029,54.306146],[36.97149,54.301003],[36.974841,54.299628],[36.966846,54.291658],[36.971292,54.29036],[36.978032,54.290421],[36.985582,54.286621],[36.993755,54.286502],[37.010081,54.288714],[37.013463,54.284097],[37.01984,54.286155],[37.030794,54.283123],[37.029787,54.280379],[37.045339,54.275827],[37.050269,54.271904],[37.058479,54.275589],[37.057764,54.279414],[37.064233,54.286434],[37.065445,54.289687],[37.073967,54.297626],[37.077527,54.297965],[37.104066,54.288531],[37.111997,54.287602],[37.111844,54.285248],[37.113111,54.28397],[37.120044,54.281675],[37.120798,54.274366],[37.125355,54.274435],[37.137184,54.27862],[37.163704,54.27772],[37.177831,54.273698],[37.180299,54.274542],[37.179285,54.277495],[37.182971,54.280462],[37.195229,54.280425],[37.204807,54.283098],[37.203173,54.291327],[37.218855,54.291707],[37.227028,54.301324],[37.230069,54.301195],[37.232569,54.299241],[37.242298,54.302855],[37.240421,54.308532],[37.241763,54.312592],[37.244732,54.314337],[37.245191,54.319649],[37.251669,54.318948],[37.255192,54.321512],[37.257478,54.318179],[37.259857,54.317736],[37.264575,54.323723],[37.267709,54.322454],[37.270088,54.323325],[37.269959,54.324739],[37.265582,54.325353],[37.259413,54.328519],[37.258297,54.329588],[37.259327,54.330445],[37.25701,54.33052],[37.259155,54.332397],[37.25937,54.334862],[37.256666,54.33844],[37.258608,54.338765],[37.258962,54.341586],[37.260894,54.342587],[37.268028,54.341836],[37.273414,54.343412],[37.280066,54.358132],[37.27704,54.361433],[37.278435,54.362758],[37.27792,54.364108],[37.299914,54.375258],[37.305322,54.373109],[37.307532,54.372909],[37.30824,54.374133],[37.314377,54.372521],[37.313669,54.370971],[37.318883,54.365621],[37.324559,54.37004],[37.323818,54.371184],[37.325277,54.372702],[37.33077,54.374108],[37.341607,54.380382],[37.340641,54.383631],[37.33768,54.383382],[37.337165,54.38678],[37.334011,54.391741],[37.343173,54.395851],[37.339504,54.399199],[37.342057,54.400548],[37.358065,54.402846],[37.362935,54.407017],[37.376132,54.403545],[37.376261,54.401185],[37.379265,54.400485],[37.384801,54.403196],[37.394886,54.403995],[37.398105,54.401559],[37.397482,54.399786],[37.402589,54.398574],[37.406237,54.395201],[37.409327,54.395963],[37.417202,54.394352],[37.427437,54.397312],[37.425892,54.399686],[37.428017,54.406805],[37.420507,54.415596],[37.410475,54.415059],[37.410271,54.413854],[37.406162,54.413255],[37.404027,54.414123],[37.407138,54.416458],[37.405507,54.419816],[37.39965,54.419042],[37.39922,54.420753],[37.394864,54.420416],[37.389221,54.422151],[37.387783,54.423487],[37.388964,54.424823],[37.386689,54.427744],[37.383063,54.425522],[37.367871,54.429479],[37.369609,54.433972],[37.379179,54.432761],[37.382205,54.437666],[37.401559,54.437616],[37.405529,54.438733],[37.405647,54.441104],[37.41349,54.447823],[37.417878,54.447786],[37.425109,54.444822],[37.429851,54.444342],[37.427909,54.442233],[37.466093,54.421327],[37.472423,54.419854],[37.475159,54.423112],[37.480545,54.424461],[37.486038,54.422232],[37.483442,54.419404],[37.484431,54.41816],[37.488897,54.41903],[37.498119,54.43009],[37.494836,54.435026],[37.491445,54.435401],[37.488602,54.437922],[37.487723,54.440705],[37.488828,54.44121],[37.487776,54.44214],[37.488796,54.4435],[37.486736,54.447168],[37.488002,54.448746],[37.481425,54.453718],[37.4815,54.454716],[37.483946,54.455308],[37.481983,54.458021],[37.483828,54.458739],[37.482916,54.4594],[37.483828,54.460909],[37.481253,54.461314],[37.479333,54.467176],[37.475202,54.470586],[37.476951,54.472195],[37.476168,54.474421],[37.477552,54.475792],[37.472863,54.476846],[37.472305,54.482044],[37.476865,54.485983],[37.475202,54.486968],[37.4765,54.488701],[37.4765,54.490395],[37.475052,54.490558],[37.47591,54.491436],[37.467209,54.489754],[37.463778,54.491729],[37.454549,54.492596],[37.449739,54.490108],[37.450118,54.487788],[37.448326,54.485965],[37.445537,54.485815],[37.444234,54.484081],[37.441631,54.484718],[37.435924,54.486663],[37.435752,54.488333],[37.434078,54.488283],[37.433091,54.489978],[37.438838,54.487968],[37.442876,54.493767],[37.442618,54.50234],[37.432791,54.50533],[37.42734,54.505281],[37.427704,54.506175],[37.414371,54.506668],[37.414392,54.49302],[37.408892,54.491331],[37.388928,54.499914],[37.378316,54.498176],[37.375249,54.499128],[37.373976,54.492951],[37.376008,54.491152],[37.35967,54.490896],[37.357079,54.486819],[37.348196,54.48528],[37.349551,54.483764],[37.345164,54.480842],[37.34864,54.475882],[37.354979,54.470961],[37.349663,54.460634],[37.352699,54.456383],[37.358074,54.455026],[37.359397,54.452659],[37.34712,54.442476],[37.342641,54.441938],[37.338018,54.444974],[37.330248,54.444867],[37.333142,54.454207],[37.331152,54.458728],[37.328295,54.459402],[37.325892,54.462572],[37.320055,54.461395],[37.321092,54.458892],[37.311694,54.455508],[37.309974,54.461955],[37.313929,54.464589],[37.324977,54.468292],[37.324097,54.470362],[37.315082,54.475419],[37.310335,54.481314],[37.310148,54.485842],[37.307584,54.48843],[37.316882,54.491421],[37.322057,54.49507],[37.322359,54.497697],[37.319873,54.498378],[37.326015,54.498463],[37.338588,54.502682],[37.337068,54.504085],[37.3237,54.504284],[37.323686,54.50628],[37.32166,54.50728],[37.31533,54.506402],[37.317167,54.510747],[37.321426,54.514352],[37.322231,54.516591],[37.291197,54.515401],[37.289432,54.515595],[37.28561,54.519357],[37.270066,54.517036],[37.267883,54.517714],[37.264304,54.523381],[37.277609,54.52714],[37.276932,54.528047],[37.286793,54.535134],[37.289901,54.53942],[37.294168,54.541053],[37.302949,54.541851],[37.302971,54.544873],[37.311013,54.546453],[37.31619,54.548937],[37.318883,54.546483],[37.319065,54.544744],[37.322079,54.544917],[37.326876,54.548577],[37.329945,54.549069],[37.32548,54.555657],[37.32535,54.560073],[37.332304,54.564048],[37.334195,54.563102],[37.335931,54.559528],[37.340502,54.557823],[37.342754,54.559578],[37.344111,54.561103],[37.337046,54.567142],[37.339321,54.569854],[37.344256,54.569431],[37.345172,54.570336],[37.340962,54.573021],[37.339939,54.575486],[37.336746,54.575004],[37.314115,54.583013],[37.306356,54.582818],[37.305075,54.586619],[37.305509,54.588436],[37.312542,54.588459],[37.313314,54.592736],[37.315932,54.594228],[37.32164,54.593855],[37.32163,54.597794],[37.327219,54.599076],[37.32942,54.602683],[37.339664,54.60544],[37.345657,54.605084],[37.347314,54.606689],[37.344296,54.611419],[37.33945,54.61046],[37.332445,54.621009],[37.311894,54.61662],[37.306237,54.622844],[37.299082,54.616688],[37.296379,54.616887],[37.29419,54.617334],[37.291878,54.620268],[37.281256,54.622272],[37.278818,54.624693],[37.274139,54.626391],[37.269557,54.623347],[37.267319,54.624204],[37.263506,54.622179],[37.26106,54.622974],[37.258399,54.621359],[37.253255,54.621412],[37.253549,54.623745],[37.252192,54.62547],[37.254536,54.627136],[37.252133,54.629123],[37.26166,54.631049],[37.261124,54.632601],[37.257261,54.633955],[37.253142,54.631819],[37.249601,54.631806],[37.244291,54.633859],[37.24488,54.635942],[37.24763,54.638503],[37.253985,54.641159],[37.256474,54.643841],[37.261883,54.645979],[37.253755,54.651127],[37.251479,54.660598],[37.249506,54.661726],[37.248363,54.660575],[37.246003,54.660923],[37.245703,54.662487],[37.236219,54.665537],[37.232785,54.66487],[37.225864,54.667904],[37.226983,54.669934],[37.209384,54.673839],[37.204087,54.66444],[37.198488,54.641399],[37.192651,54.635078],[37.158425,54.618744],[37.151212,54.61288],[37.147639,54.606395],[37.149144,54.58878],[37.142371,54.569282],[37.130086,54.5566],[37.120677,54.550748],[37.076609,54.545528],[37.077036,54.547547],[37.072555,54.551174],[37.073049,54.552665],[37.070141,54.553706],[37.066124,54.552419],[37.061792,54.55602],[37.063477,54.557431],[37.062957,54.558588],[37.057673,54.560503],[37.056829,54.562206],[37.061566,54.567373],[37.05132,54.571324],[37.049999,54.574509],[37.057546,54.582346],[37.051011,54.589838],[37.040661,54.585923],[37.031588,54.585756],[37.025946,54.59024],[37.027094,54.593799],[37.016624,54.593015],[37.01316,54.59095],[37.008603,54.590957],[37.002469,54.593173],[37.001311,54.597965]]]}},{"type":"Feature","properties":{"osm_relation_id":1453190,"name":"Чернский район","admin_level":6,"center":[36.9425,53.4516],"area_km2":1608.8,"source":"OpenStreetMap contributors (ODbL), Overpass API","fetched_at":"2026-09-13"},"geometry":{"type":"Polygon","coordinates":[[[37.316703,53.281366],[37.338395,53.286416],[37.366883,53.290969],[37.363217,53.300702],[37.366035,53.301687],[37.388251,53.298456],[37.402598,53.29845],[37.435388,53.295445],[37.466626,53.287829],[37.465684,53.296837],[37.468204,53.300494],[37.464873,53.311896],[37.458359,53.318067],[37.460303,53.331349],[37.484438,53.328556],[37.489446,53.341339],[37.492713,53.345677],[37.496835,53.347515],[37.497565,53.353161],[37.500157,53.356873],[37.486206,53.360947],[37.478567,53.361781],[37.460389,53.35274],[37.45443,53.350946],[37.438658,53.349717],[37.429212,53.353],[37.426127,53.357672],[37.406275,53.371427],[37.387267,53.366794],[37.377359,53.375692],[37.365828,53.390777],[37.36701,53.392714],[37.363495,53.396732],[37.355343,53.402349],[37.340833,53.400324],[37.330549,53.39522],[37.330116,53.39246],[37.325792,53.388268],[37.318661,53.38579],[37.315698,53.387764],[37.306012,53.40374],[37.293339,53.403682],[37.293773,53.41431],[37.289966,53.415143],[37.290014,53.41678],[37.292857,53.418934],[37.292731,53.421626],[37.273754,53.445842],[37.265081,53.44168],[37.260117,53.446301],[37.256166,53.451467],[37.264502,53.454479],[37.257564,53.462685],[37.249324,53.463201],[37.232121,53.459414],[37.214871,53.462197],[37.19581,53.461285],[37.194894,53.464727],[37.189979,53.466563],[37.195328,53.47448],[37.193352,53.47643],[37.186799,53.478064],[37.17438,53.478051],[37.169693,53.474307],[37.158348,53.479091],[37.161866,53.488008],[37.158637,53.489356],[37.143217,53.490875],[37.141097,53.492825],[37.14129,53.500335],[37.139604,53.502399],[37.128183,53.501739],[37.124762,53.503344],[37.12428,53.504605],[37.132231,53.510681],[37.14129,53.511111],[37.141979,53.512227],[37.140302,53.515996],[37.133693,53.525298],[37.132982,53.528647],[37.133361,53.52968],[37.142287,53.531517],[37.132245,53.537766],[37.133532,53.539882],[37.132073,53.541157],[37.132288,53.543325],[37.134734,53.54511],[37.132975,53.548833],[37.121516,53.553499],[37.15905,53.579496],[37.143798,53.591983],[37.143341,53.59364],[37.141187,53.593028],[37.135334,53.596908],[37.115464,53.590391],[37.112718,53.592072],[37.115647,53.594886],[37.114662,53.59739],[37.103727,53.596574],[37.102531,53.598035],[37.09891,53.597659],[37.099414,53.600152],[37.109204,53.600139],[37.039032,53.615474],[36.953845,53.647258],[36.937494,53.639919],[36.935005,53.641191],[36.912933,53.624424],[36.903689,53.625903],[36.898416,53.624232],[36.891764,53.618778],[36.893133,53.613816],[36.877971,53.61341],[36.868139,53.615122],[36.865743,53.617646],[36.852928,53.61901],[36.851362,53.623507],[36.852096,53.627858],[36.827441,53.622185],[36.825733,53.619561],[36.82539,53.614136],[36.820656,53.610149],[36.819912,53.605546],[36.821281,53.603776],[36.817341,53.598436],[36.810262,53.600637],[36.793923,53.596711],[36.79782,53.588755],[36.791079,53.584488],[36.785929,53.583098],[36.765428,53.584011],[36.748976,53.582408],[36.727114,53.584325],[36.723831,53.58237],[36.723357,53.578547],[36.725636,53.577205],[36.723281,53.574671],[36.726504,53.571365],[36.7327,53.569411],[36.734128,53.567108],[36.733846,53.564254],[36.73128,53.563428],[36.718161,53.564732],[36.71342,53.555837],[36.713234,53.551342],[36.697066,53.552675],[36.688448,53.551213],[36.683797,53.548793],[36.67291,53.549099],[36.669562,53.546703],[36.671428,53.544409],[36.669384,53.542038],[36.657529,53.544137],[36.649726,53.543725],[36.644586,53.542329],[36.640039,53.538096],[36.624305,53.539597],[36.614953,53.543554],[36.6098,53.542416],[36.601377,53.537585],[36.593966,53.537954],[36.591,53.5366],[36.590337,53.532961],[36.587401,53.531089],[36.581411,53.529414],[36.565557,53.52835],[36.565107,53.525716],[36.570026,53.515716],[36.569377,53.511133],[36.565714,53.506333],[36.542505,53.510751],[36.532732,53.511369],[36.500176,53.49304],[36.493983,53.49178],[36.490942,53.493154],[36.479952,53.490091],[36.482643,53.480623],[36.479744,53.478112],[36.477352,53.48099],[36.475291,53.476539],[36.470564,53.472225],[36.467922,53.471973],[36.465132,53.468739],[36.464789,53.466961],[36.46658,53.465573],[36.459418,53.46164],[36.43719,53.468488],[36.425557,53.465986],[36.410886,53.473869],[36.399843,53.469106],[36.396845,53.46933],[36.39684,53.467854],[36.399135,53.466661],[36.384866,53.449522],[36.390371,53.451048],[36.391909,53.450234],[36.390583,53.448741],[36.401932,53.444221],[36.40286,53.440781],[36.404552,53.440838],[36.4057,53.442763],[36.408809,53.441772],[36.408137,53.438652],[36.411387,53.435671],[36.42706,53.432228],[36.425895,53.429952],[36.427771,53.428267],[36.424576,53.425974],[36.4241,53.423471],[36.429921,53.420598],[36.438252,53.421322],[36.437276,53.424953],[36.438758,53.42663],[36.452355,53.431499],[36.468296,53.429191],[36.470308,53.424107],[36.468644,53.422855],[36.476819,53.418614],[36.487625,53.407303],[36.486024,53.398385],[36.490152,53.393403],[36.490421,53.391852],[36.488971,53.390313],[36.49332,53.389012],[36.512537,53.390237],[36.524169,53.38601],[36.539116,53.378111],[36.541569,53.379479],[36.547518,53.376002],[36.573274,53.377057],[36.5793,53.384788],[36.598934,53.389485],[36.607529,53.396623],[36.617783,53.397267],[36.622851,53.399125],[36.62617,53.404452],[36.626999,53.414566],[36.635626,53.420219],[36.647695,53.415013],[36.649818,53.411076],[36.652557,53.409068],[36.668195,53.40776],[36.699603,53.395036],[36.696271,53.386654],[36.701739,53.382853],[36.699402,53.380191],[36.699705,53.377868],[36.696272,53.373424],[36.695868,53.370495],[36.690818,53.369687],[36.67567,53.363628],[36.683346,53.358174],[36.692839,53.358478],[36.694556,53.352519],[36.692839,53.351206],[36.696878,53.348682],[36.709704,53.351509],[36.717784,53.345753],[36.717481,53.343128],[36.722732,53.342522],[36.724146,53.345248],[36.731215,53.343734],[36.732933,53.331766],[36.734549,53.328232],[36.739093,53.325606],[36.752525,53.323586],[36.753535,53.324596],[36.761541,53.324646],[36.759353,53.318108],[36.755619,53.317121],[36.744479,53.309969],[36.745988,53.3091],[36.749162,53.310781],[36.75768,53.308977],[36.759999,53.311367],[36.774716,53.315764],[36.77747,53.307125],[36.784136,53.295815],[36.792821,53.298845],[36.799083,53.294603],[36.813423,53.295815],[36.815847,53.293088],[36.823219,53.288948],[36.829267,53.289463],[36.832467,53.292938],[36.835543,53.2929],[36.832009,53.286198],[36.842205,53.289352],[36.850689,53.290463],[36.869675,53.291776],[36.87119,53.288848],[36.889166,53.289757],[36.901284,53.292282],[36.903809,53.294806],[36.910777,53.294302],[36.899063,53.284405],[36.89664,53.274003],[36.898761,53.272993],[36.920473,53.280668],[36.930471,53.281072],[36.935015,53.282688],[36.942186,53.282284],[36.966625,53.286223],[36.972381,53.288849],[36.986924,53.290667],[36.99619,53.290203],[36.99672,53.299251],[37.004193,53.296525],[37.012474,53.296323],[37.01207,53.289355],[37.013989,53.285416],[37.013384,53.282083],[37.009041,53.278145],[37.007767,53.267031],[37.015909,53.271277],[37.018333,53.269157],[37.020554,53.269359],[37.022961,53.272186],[37.029775,53.273852],[37.071526,53.279115],[37.078505,53.276055],[37.08552,53.276535],[37.086487,53.280766],[37.095798,53.286152],[37.11498,53.279156],[37.109829,53.272289],[37.110661,53.270866],[37.120301,53.271622],[37.127045,53.262907],[37.139004,53.267278],[37.158125,53.258045],[37.162534,53.260895],[37.175025,53.26057],[37.206376,53.25593],[37.22183,53.255963],[37.242632,53.258859],[37.261921,53.259566],[37.267576,53.261586],[37.273231,53.265424],[37.28232,53.274513],[37.292529,53.278373],[37.316703,53.281366]]]}},{"type":"Feature","properties":{"osm_relation_id":1524022,"name":"Щёкинский район","admin_level":6,"center":[37.35,53.8906],"area_km2":1384.48,"source":"OpenStreetMap contributors (ODbL), Overpass API","fetched_at":"2026-09-13"},"geometry":{"type":"Polygon","coordinates":[[[37.712439,53.893318],[37.719507,53.897131],[37.720743,53.899984],[37.704509,53.90771],[37.700613,53.908558],[37.69475,53.90725],[37.69175,53.9085],[37.691241,53.910218],[37.685047,53.912371],[37.671022,53.911368],[37.668985,53.91276],[37.669161,53.913934],[37.67225,53.91475],[37.672678,53.916632],[37.671,53.91825],[37.673,53.92],[37.673542,53.922496],[37.670141,53.92684],[37.658417,53.928738],[37.660402,53.934193],[37.662114,53.934905],[37.659771,53.936445],[37.6595,53.94025],[37.661102,53.943449],[37.663162,53.943329],[37.66025,53.94425],[37.655105,53.953184],[37.652602,53.953655],[37.649068,53.958994],[37.645272,53.961751],[37.647978,53.965609],[37.654059,53.968602],[37.660788,53.969449],[37.67332,53.974498],[37.6775,53.983532],[37.682169,53.983133],[37.684962,53.985153],[37.686341,53.987066],[37.685204,53.988354],[37.686999,53.989629],[37.692935,53.989394],[37.698377,53.986582],[37.704132,53.988217],[37.709741,53.9933],[37.71256,54.001574],[37.715605,54.002051],[37.717329,54.004392],[37.708792,54.004024],[37.706438,54.006358],[37.694006,54.008456],[37.691146,54.016904],[37.689071,54.018228],[37.6889,54.020515],[37.686895,54.021119],[37.684869,54.021095],[37.68667,54.020394],[37.685964,54.018672],[37.686984,54.014927],[37.681689,54.013889],[37.673186,54.015772],[37.655393,54.023814],[37.636076,54.020137],[37.631005,54.021855],[37.630228,54.025943],[37.627637,54.028117],[37.628081,54.030335],[37.625379,54.032791],[37.612165,54.038226],[37.608463,54.04216],[37.608871,54.045401],[37.605798,54.049984],[37.594807,54.051838],[37.587772,54.056002],[37.579,54.057111],[37.575076,54.05874],[37.569894,54.063302],[37.560632,54.067711],[37.556098,54.067216],[37.550857,54.069525],[37.544102,54.07599],[37.545382,54.077072],[37.543941,54.079467],[37.537968,54.078375],[37.536337,54.079158],[37.540357,54.082012],[37.535606,54.083678],[37.532435,54.081687],[37.534346,54.079947],[37.527947,54.08029],[37.516733,54.086824],[37.507745,54.087177],[37.499763,54.082264],[37.491413,54.081128],[37.486001,54.077767],[37.478614,54.075477],[37.459822,54.074525],[37.456158,54.069533],[37.456917,54.056815],[37.454954,54.054725],[37.446395,54.053296],[37.423493,54.05746],[37.41695,54.052159],[37.407228,54.064236],[37.383553,54.089142],[37.367927,54.084336],[37.357667,54.079623],[37.349318,54.07388],[37.348847,54.072037],[37.341571,54.065064],[37.334582,54.063912],[37.329374,54.060671],[37.32605,54.055186],[37.323616,54.054034],[37.283675,54.059242],[37.275954,54.063866],[37.259308,54.065233],[37.245305,54.069257],[37.216776,54.07001],[37.192502,54.068832],[37.179479,54.070617],[37.181845,54.06778],[37.177389,54.066838],[37.146255,54.068043],[37.143135,54.063573],[37.145257,54.060507],[37.12704,54.059089],[37.10946,54.052001],[37.096484,54.053064],[37.087968,54.050815],[37.077103,54.051907],[37.06405,54.055504],[37.058408,54.051647],[37.055534,54.051962],[37.02661,54.042217],[37.012222,54.033124],[37.013663,54.027635],[37.018937,54.022842],[37.014745,54.020308],[36.991302,54.015007],[36.978662,54.009301],[36.977453,54.004632],[36.990605,54.002872],[37.000456,54.003521],[37.003459,53.992413],[37.001682,53.975759],[36.990454,53.97182],[36.987941,53.972748],[36.986577,53.966903],[36.99576,53.964146],[36.989603,53.95531],[36.986988,53.948978],[36.991167,53.944072],[36.995538,53.940963],[37.000611,53.939762],[37.011852,53.941176],[37.025897,53.941117],[37.048756,53.936253],[37.051767,53.932462],[37.050853,53.924175],[37.045861,53.924625],[37.04369,53.920546],[37.039367,53.917541],[37.040563,53.903508],[37.057358,53.908491],[37.073305,53.910182],[37.080298,53.905713],[37.091296,53.902243],[37.094735,53.889836],[37.101653,53.890431],[37.110276,53.882505],[37.11217,53.877889],[37.110852,53.876853],[37.10861,53.869047],[37.105668,53.868726],[37.107176,53.867545],[37.106756,53.866394],[37.100971,53.859643],[37.097757,53.859016],[37.091279,53.860299],[37.082021,53.858036],[37.080295,53.856462],[37.079833,53.8532],[37.075022,53.850947],[37.073918,53.847794],[37.076345,53.845599],[37.072938,53.8428],[37.071203,53.839457],[37.06878,53.838042],[37.061758,53.838378],[37.092321,53.817442],[37.097756,53.824392],[37.113405,53.822349],[37.119304,53.82378],[37.125181,53.821433],[37.125719,53.820004],[37.137204,53.818905],[37.143849,53.819687],[37.143023,53.817045],[37.149034,53.817147],[37.149322,53.812362],[37.164532,53.813406],[37.164974,53.809074],[37.183658,53.810508],[37.184149,53.812398],[37.192801,53.811652],[37.223095,53.820002],[37.229653,53.817083],[37.232526,53.818945],[37.228352,53.819952],[37.230423,53.822472],[37.230357,53.825971],[37.239176,53.823894],[37.252804,53.832138],[37.256993,53.833033],[37.264874,53.832404],[37.269891,53.819421],[37.273967,53.822893],[37.29677,53.812662],[37.309786,53.808476],[37.323124,53.806867],[37.339331,53.80729],[37.344814,53.798355],[37.350383,53.796655],[37.350231,53.791111],[37.344351,53.791026],[37.33996,53.782003],[37.334617,53.778079],[37.332748,53.774797],[37.327906,53.773108],[37.319567,53.772936],[37.31967,53.768627],[37.336365,53.765787],[37.349994,53.757428],[37.340113,53.735647],[37.339398,53.729499],[37.341442,53.729439],[37.345447,53.737195],[37.349186,53.734012],[37.37088,53.737298],[37.374317,53.738826],[37.377449,53.735315],[37.374569,53.732315],[37.374196,53.729053],[37.379369,53.724386],[37.398717,53.727608],[37.403253,53.726484],[37.414619,53.729596],[37.419143,53.728768],[37.424278,53.724987],[37.429822,53.723579],[37.441244,53.725209],[37.45141,53.720308],[37.448991,53.718204],[37.443059,53.716647],[37.438712,53.712741],[37.483791,53.708288],[37.483389,53.705618],[37.476674,53.698131],[37.478786,53.694901],[37.488627,53.692814],[37.51141,53.691997],[37.556975,53.697029],[37.556668,53.701575],[37.561941,53.70494],[37.554261,53.709424],[37.554364,53.719544],[37.560866,53.72739],[37.578938,53.731145],[37.589535,53.730237],[37.621738,53.748859],[37.623837,53.748133],[37.622045,53.746195],[37.626755,53.742865],[37.633052,53.742865],[37.637301,53.744712],[37.637967,53.741411],[37.641346,53.739171],[37.663198,53.741529],[37.669082,53.737768],[37.673241,53.739049],[37.682815,53.750736],[37.690596,53.750252],[37.693361,53.748254],[37.709949,53.749646],[37.710612,53.752176],[37.708947,53.754659],[37.709308,53.75697],[37.713363,53.760052],[37.710757,53.761251],[37.710974,53.76369],[37.713363,53.763519],[37.713725,53.766729],[37.71874,53.772825],[37.719155,53.775929],[37.716078,53.785773],[37.722631,53.793182],[37.713064,53.795507],[37.714548,53.796951],[37.70623,53.800599],[37.707496,53.802988],[37.700073,53.801581],[37.699169,53.804097],[37.692422,53.804138],[37.693048,53.806069],[37.691106,53.807801],[37.686584,53.8042],[37.684435,53.805868],[37.679341,53.806488],[37.679125,53.808275],[37.674975,53.809634],[37.675011,53.814342],[37.669175,53.824817],[37.671415,53.827529],[37.687812,53.833276],[37.694316,53.833206],[37.696319,53.840816],[37.696242,53.844068],[37.686581,53.844245],[37.684692,53.847355],[37.685312,53.849543],[37.688972,53.852157],[37.698436,53.854993],[37.695718,53.857566],[37.695809,53.861959],[37.693028,53.863844],[37.69022,53.869116],[37.695788,53.878731],[37.695833,53.880815],[37.692253,53.884585],[37.689276,53.885691],[37.685976,53.885429],[37.678048,53.881924],[37.675206,53.882574],[37.674805,53.884649],[37.679159,53.89167],[37.686599,53.892487],[37.696192,53.889692],[37.707762,53.890901],[37.712439,53.893318]]]}},{"type":"Feature","properties":{"osm_relation_id":1741297,"name":"городской округ Новомосковск","admin_level":6,"center":[38.4405,54.1328],"area_km2":883.11,"source":"OpenStreetMap contributors (ODbL), Overpass API","fetched_at":"2026-09-13"},"geometry":{"type":"Polygon","coordinates":[[[38.341704,54.016111],[38.341942,54.014072],[38.336966,54.010722],[38.324732,54.005828],[38.3255,54.005481],[38.320225,54.001524],[38.321286,54.000541],[38.319765,53.999631],[38.320647,53.998899],[38.319413,53.999406],[38.314905,53.996941],[38.312754,53.992051],[38.303201,53.986276],[38.307078,53.983671],[38.30735,53.979222],[38.298453,53.981243],[38.283927,53.97515],[38.268787,53.987808],[38.26562,53.987054],[38.262463,53.991442],[38.256553,53.990471],[38.253669,53.995609],[38.263678,53.998214],[38.262329,54.000486],[38.243032,53.996151],[38.238786,54.002778],[38.223108,54.017512],[38.214338,54.018929],[38.210698,54.022374],[38.198391,54.023708],[38.174795,54.028988],[38.173062,54.026807],[38.157961,54.030733],[38.155908,54.029527],[38.149258,54.032828],[38.140226,54.026909],[38.126718,54.03266],[38.128284,54.03501],[38.121115,54.054028],[38.134474,54.066317],[38.119636,54.076688],[38.104785,54.07822],[38.103521,54.080431],[38.098893,54.091688],[38.130149,54.096426],[38.135685,54.099632],[38.136022,54.101137],[38.140342,54.104461],[38.139735,54.11198],[38.143042,54.116253],[38.14014,54.117876],[38.140369,54.123675],[38.148546,54.126975],[38.148785,54.128626],[38.152174,54.131227],[38.152126,54.133632],[38.142723,54.137966],[38.145491,54.143391],[38.151219,54.141741],[38.151806,54.138038],[38.156227,54.134988],[38.156167,54.133089],[38.158316,54.132994],[38.159356,54.13041],[38.162693,54.131892],[38.164297,54.136204],[38.167877,54.135226],[38.179109,54.135768],[38.183214,54.141333],[38.189409,54.140975],[38.19174,54.138227],[38.197324,54.138143],[38.210976,54.143507],[38.214174,54.147588],[38.217133,54.149042],[38.236226,54.153934],[38.250879,54.160167],[38.258182,54.163576],[38.261141,54.168606],[38.265771,54.168746],[38.268206,54.170395],[38.268826,54.171959],[38.266678,54.172294],[38.265962,54.174502],[38.266726,54.177798],[38.265151,54.178217],[38.264005,54.176122],[38.258134,54.179586],[38.256998,54.177363],[38.259805,54.168411],[38.257752,54.165365],[38.230164,54.153179],[38.216417,54.152173],[38.209257,54.146135],[38.196322,54.139173],[38.192694,54.139173],[38.190785,54.141102],[38.197181,54.143059],[38.202661,54.146968],[38.206441,54.15153],[38.209667,54.162123],[38.22241,54.192633],[38.22889,54.20215],[38.228418,54.216914],[38.2243,54.222005],[38.227135,54.236881],[38.238071,54.246624],[38.241756,54.255596],[38.248126,54.252015],[38.254284,54.252935],[38.26889,54.25235],[38.277577,54.248808],[38.281825,54.24839],[38.289796,54.250826],[38.294856,54.247163],[38.291658,54.24284],[38.337814,54.229923],[38.342635,54.231932],[38.343303,54.236703],[38.345451,54.237344],[38.34526,54.238823],[38.363089,54.262434],[38.386327,54.260297],[38.39576,54.244959],[38.40965,54.21692],[38.412275,54.214603],[38.421631,54.212119],[38.424685,54.214352],[38.43114,54.215615],[38.43175,54.220576],[38.433418,54.221244],[38.440007,54.22345],[38.443826,54.219376],[38.451033,54.222752],[38.450079,54.224148],[38.468885,54.228668],[38.466225,54.232314],[38.473381,54.233588],[38.477367,54.233364],[38.480211,54.231724],[38.489769,54.239082],[38.495567,54.249226],[38.503442,54.253995],[38.526783,54.257787],[38.528514,54.289109],[38.570939,54.290465],[38.575589,54.287602],[38.593598,54.286134],[38.593911,54.284221],[38.608143,54.276476],[38.627782,54.27803],[38.632173,54.280508],[38.639191,54.264471],[38.658114,54.255696],[38.665982,54.256714],[38.671163,54.247051],[38.68246,54.247758],[38.697287,54.243816],[38.711702,54.244404],[38.715115,54.240521],[38.722388,54.237904],[38.720233,54.235545],[38.714042,54.233346],[38.712784,54.230963],[38.715484,54.228014],[38.718704,54.227303],[38.722954,54.228237],[38.725869,54.226041],[38.715101,54.224008],[38.70908,54.220554],[38.716724,54.216364],[38.713026,54.209298],[38.720168,54.209111],[38.721265,54.206635],[38.714338,54.201533],[38.714209,54.197251],[38.711099,54.195318],[38.700217,54.19422],[38.698727,54.19331],[38.698079,54.18933],[38.691052,54.186709],[38.686902,54.186478],[38.692083,54.183684],[38.70891,54.180507],[38.719618,54.18239],[38.723855,54.181625],[38.725149,54.183155],[38.730209,54.184097],[38.739799,54.18192],[38.744624,54.18545],[38.746624,54.190216],[38.750978,54.192217],[38.765541,54.180449],[38.781428,54.157562],[38.780134,54.149089],[38.781958,54.143441],[38.77378,54.136204],[38.773427,54.128732],[38.771486,54.126084],[38.765131,54.126731],[38.756894,54.124848],[38.747539,54.12526],[38.743126,54.123024],[38.741303,54.118023],[38.73942,54.116493],[38.7303,54.110786],[38.725535,54.109315],[38.72424,54.106137],[38.718004,54.102136],[38.712238,54.10096],[38.705589,54.101489],[38.700824,54.099077],[38.684832,54.098183],[38.682614,54.088839],[38.69497,54.082602],[38.695794,54.080778],[38.691969,54.078895],[38.688381,54.075247],[38.688792,54.074424],[38.694794,54.0716],[38.697795,54.074071],[38.705149,54.074718],[38.702208,54.067834],[38.702678,54.064186],[38.683032,54.062535],[38.678018,54.058994],[38.683081,54.055177],[38.678335,54.051153],[38.67451,54.043135],[38.664153,54.041963],[38.658341,54.039659],[38.653835,54.036214],[38.648646,54.036961],[38.644147,54.032754],[38.637042,54.030445],[38.633143,54.031958],[38.630525,54.035001],[38.631794,54.038055],[38.636312,54.039975],[38.631058,54.047967],[38.625223,54.04833],[38.623324,54.043367],[38.612293,54.045239],[38.603158,54.042944],[38.593076,54.043851],[38.585698,54.0482],[38.581166,54.047803],[38.581139,54.050472],[38.577892,54.051224],[38.572622,54.059594],[38.553137,54.063336],[38.544062,54.063302],[38.54019,54.061762],[38.538978,54.054131],[38.526018,54.054081],[38.509205,54.050963],[38.502186,54.041783],[38.498322,54.03986],[38.48922,54.042491],[38.468453,54.042525],[38.468462,54.037749],[38.462991,54.038568],[38.460965,54.038502],[38.460612,54.037264],[38.441134,54.037816],[38.435426,54.036959],[38.435276,54.035346],[38.424516,54.035391],[38.42419,54.040008],[38.420929,54.039496],[38.409216,54.042075],[38.413572,54.04755],[38.409763,54.049104],[38.407315,54.046818],[38.402108,54.048303],[38.401292,54.047202],[38.396132,54.047045],[38.393825,54.046258],[38.397569,54.046062],[38.398295,54.044147],[38.401324,54.043454],[38.395665,54.040092],[38.38859,54.042416],[38.380427,54.041604],[38.383612,54.038926],[38.381346,54.037667],[38.37752,54.040432],[38.376404,54.039819],[38.385309,54.030882],[38.372405,54.025441],[38.368926,54.027853],[38.36524,54.028283],[38.366682,54.024635],[38.355672,54.020029],[38.34263,54.018487],[38.343062,54.016519],[38.341704,54.016111]]]}},{"type":"Feature","properties":{"osm_relation_id":1748968,"name":"Арсеньевский район","admin_level":6,"center":[36.6567,53.6268],"area_km2":1064.14,"source":"OpenStreetMap contributors (ODbL), Overpass API","fetched_at":"2026-09-13"},"geometry":{"type":"Polygon","coordinates":[[[36.332666,53.609125],[36.334047,53.616354],[36.329474,53.620553],[36.323594,53.619944],[36.318586,53.623312],[36.318436,53.626437],[36.314819,53.629154],[36.30918,53.630523],[36.308372,53.631689],[36.309935,53.632498],[36.30828,53.635331],[36.304162,53.635213],[36.3,53.642374],[36.303491,53.643062],[36.310508,53.648154],[36.313723,53.651737],[36.31422,53.655721],[36.300886,53.657559],[36.30161,53.659463],[36.304029,53.660399],[36.302317,53.661876],[36.298123,53.660083],[36.291908,53.662399],[36.294728,53.664927],[36.298475,53.665813],[36.297531,53.669141],[36.300121,53.66945],[36.300121,53.670502],[36.282531,53.677686],[36.277407,53.67426],[36.274277,53.676158],[36.273433,53.675053],[36.270458,53.675711],[36.270817,53.678996],[36.279991,53.680128],[36.284987,53.683183],[36.279531,53.687665],[36.282194,53.689868],[36.282805,53.69296],[36.286783,53.694803],[36.293091,53.689884],[36.299447,53.687285],[36.306871,53.690991],[36.306737,53.693068],[36.302467,53.698279],[36.304565,53.699641],[36.302672,53.701179],[36.303446,53.701595],[36.301764,53.708552],[36.304566,53.709345],[36.30709,53.700811],[36.316729,53.699141],[36.32074,53.699267],[36.338665,53.705292],[36.345148,53.706028],[36.359047,53.700933],[36.368191,53.700601],[36.372476,53.702338],[36.374133,53.704496],[36.380184,53.706102],[36.381753,53.70743],[36.380452,53.710854],[36.381902,53.715809],[36.387273,53.717976],[36.392858,53.729357],[36.406048,53.736253],[36.393635,53.739744],[36.400655,53.743986],[36.400089,53.745172],[36.401903,53.749289],[36.398969,53.751487],[36.401041,53.754621],[36.396489,53.765406],[36.389204,53.768094],[36.389883,53.773395],[36.519923,53.755467],[36.520055,53.757396],[36.51708,53.757109],[36.516902,53.759209],[36.5124,53.763296],[36.512534,53.764871],[36.509405,53.76934],[36.512947,53.77674],[36.512709,53.780768],[36.517757,53.783483],[36.536486,53.778215],[36.539616,53.779663],[36.544899,53.785229],[36.561821,53.785338],[36.566771,53.787068],[36.583441,53.77692],[36.604721,53.782835],[36.611554,53.779769],[36.618554,53.779359],[36.619889,53.777013],[36.617995,53.775077],[36.618223,53.771048],[36.639803,53.768452],[36.637707,53.763257],[36.64201,53.762543],[36.645065,53.762875],[36.643144,53.769484],[36.642885,53.780258],[36.663483,53.785464],[36.673627,53.790407],[36.682119,53.796265],[36.686679,53.793506],[36.69603,53.791077],[36.699128,53.793034],[36.709859,53.794663],[36.717053,53.802393],[36.721768,53.804144],[36.7337,53.798438],[36.745273,53.799368],[36.74974,53.798266],[36.774052,53.801346],[36.786469,53.789544],[36.786904,53.784577],[36.784663,53.784243],[36.786036,53.775119],[36.803891,53.77648],[36.810247,53.775481],[36.826289,53.777558],[36.851891,53.776839],[36.842612,53.769129],[36.854166,53.762456],[36.860426,53.762692],[36.859547,53.757905],[36.871861,53.753044],[36.877814,53.755038],[36.879641,53.757125],[36.880337,53.760879],[36.886758,53.767306],[36.888834,53.76799],[36.900442,53.763574],[36.919909,53.769072],[36.924126,53.770806],[36.926935,53.773665],[36.955284,53.766359],[36.976822,53.768148],[36.992926,53.768013],[36.982337,53.755024],[36.983273,53.752193],[36.989752,53.750641],[37.030431,53.750225],[37.042844,53.733783],[37.027938,53.732468],[37.017846,53.729339],[37.006476,53.723117],[36.996021,53.720212],[36.986183,53.710442],[36.981003,53.707978],[36.955331,53.701374],[36.950725,53.689195],[36.969598,53.687382],[36.97253,53.684584],[36.993968,53.672913],[36.959013,53.652438],[36.952865,53.653979],[36.953845,53.647258],[36.937494,53.639919],[36.935005,53.641191],[36.91695,53.626625],[36.912933,53.624424],[36.903689,53.625903],[36.898416,53.624232],[36.891764,53.618778],[36.893133,53.613816],[36.889954,53.613294],[36.877971,53.61341],[36.868139,53.615122],[36.865743,53.617646],[36.852928,53.61901],[36.851362,53.623507],[36.852096,53.627858],[36.827441,53.622185],[36.825733,53.619561],[36.82539,53.614136],[36.820656,53.610149],[36.819912,53.605546],[36.821281,53.603776],[36.817341,53.598436],[36.810262,53.600637],[36.793923,53.596711],[36.79782,53.588755],[36.791079,53.584488],[36.785929,53.583098],[36.765428,53.584011],[36.748976,53.582408],[36.727114,53.584325],[36.723831,53.58237],[36.723357,53.578547],[36.725636,53.577205],[36.723281,53.574671],[36.726504,53.571365],[36.7327,53.569411],[36.734128,53.567108],[36.733846,53.564254],[36.73128,53.563428],[36.718161,53.564732],[36.71342,53.555837],[36.713234,53.551342],[36.697066,53.552675],[36.688448,53.551213],[36.683797,53.548793],[36.67291,53.549099],[36.669562,53.546703],[36.671428,53.544409],[36.669384,53.542038],[36.657529,53.544137],[36.649726,53.543725],[36.644586,53.542329],[36.640039,53.538096],[36.624305,53.539597],[36.614953,53.543554],[36.612362,53.543244],[36.601377,53.537585],[36.593966,53.537954],[36.591,53.5366],[36.590337,53.532961],[36.587401,53.531089],[36.581411,53.529414],[36.565557,53.52835],[36.558648,53.538547],[36.554733,53.540176],[36.549642,53.544597],[36.543768,53.542444],[36.509603,53.550995],[36.507705,53.555675],[36.498051,53.55524],[36.504676,53.563512],[36.490903,53.564603],[36.486475,53.559278],[36.458822,53.558668],[36.459066,53.547945],[36.468976,53.532438],[36.478864,53.530226],[36.484678,53.524819],[36.485647,53.516753],[36.501845,53.518563],[36.517905,53.513954],[36.528427,53.512966],[36.532732,53.511369],[36.500176,53.49304],[36.493983,53.49178],[36.490942,53.493154],[36.479952,53.490091],[36.482643,53.480623],[36.479744,53.478112],[36.477352,53.48099],[36.475291,53.476539],[36.470564,53.472225],[36.467922,53.471973],[36.465132,53.468739],[36.464789,53.466961],[36.46658,53.465573],[36.459418,53.46164],[36.43719,53.468488],[36.425557,53.465986],[36.410886,53.473869],[36.399843,53.469106],[36.396845,53.46933],[36.39684,53.467854],[36.399135,53.466661],[36.384008,53.44946],[36.381747,53.450499],[36.381662,53.45513],[36.378266,53.457111],[36.376545,53.462256],[36.371735,53.467763],[36.358316,53.472605],[36.323397,53.473395],[36.317926,53.474465],[36.315803,53.476521],[36.317301,53.485542],[36.323339,53.497565],[36.323288,53.500294],[36.320637,53.503422],[36.310561,53.50994],[36.288938,53.516675],[36.287803,53.517933],[36.292563,53.525535],[36.29754,53.529813],[36.300545,53.535518],[36.300591,53.542226],[36.297238,53.549159],[36.317488,53.558374],[36.343902,53.575818],[36.350623,53.578371],[36.344435,53.585667],[36.357459,53.58564],[36.364052,53.588647],[36.362203,53.590895],[36.35958,53.590532],[36.358914,53.591718],[36.35238,53.59285],[36.35142,53.599188],[36.353506,53.603873],[36.335599,53.594215],[36.330939,53.593141],[36.328833,53.594197],[36.330887,53.59625],[36.329029,53.601442],[36.326806,53.602875],[36.327306,53.6042],[36.331827,53.605131],[36.332666,53.609125]]]}},{"type":"Feature","properties":{"osm_relation_id":1748969,"name":"Белёвский район","admin_level":6,"center":[36.2093,53.761],"area_km2":1182.74,"source":"OpenStreetMap contributors (ODbL), Overpass API","fetched_at":"2026-09-13"},"geometry":{"type":"Polygon","coordinates":[[[36.127412,53.980921],[36.12456,53.978006],[36.126466,53.972713],[36.126148,53.968478],[36.128371,53.964773],[36.134194,53.964615],[36.135993,53.966097],[36.145414,53.964403],[36.150496,53.96091],[36.153777,53.960698],[36.153142,53.959322],[36.156774,53.956238],[36.155895,53.953712],[36.140334,53.947995],[36.141287,53.940373],[36.131971,53.943761],[36.122444,53.942596],[36.120115,53.93852],[36.114505,53.943178],[36.115563,53.94466],[36.112917,53.946354],[36.110799,53.95387],[36.105824,53.956728],[36.100214,53.955987],[36.099367,53.957892],[36.094391,53.959268],[36.091004,53.957469],[36.085711,53.95821],[36.07703,53.962126],[36.066021,53.961279],[36.062846,53.957997],[36.06528,53.957362],[36.063781,53.956695],[36.047179,53.95588],[36.04792,53.951328],[36.046332,53.951222],[36.048238,53.948258],[36.053742,53.950375],[36.057024,53.949529],[36.055859,53.946353],[36.046438,53.942965],[36.036276,53.941801],[36.036073,53.938334],[36.024086,53.934617],[36.032238,53.930697],[36.033703,53.929316],[36.032317,53.928658],[36.034395,53.92723],[36.035567,53.923983],[36.029068,53.923983],[36.026031,53.921646],[36.022408,53.923701],[36.016068,53.922211],[36.012445,53.920909],[36.013617,53.919826],[36.009941,53.916328],[35.995637,53.913833],[35.992685,53.912061],[35.992499,53.910351],[35.989062,53.90897],[35.98502,53.909497],[35.983555,53.908147],[35.9851,53.904718],[35.982556,53.901358],[35.987539,53.897554],[35.982924,53.89731],[35.981624,53.894346],[35.983188,53.89196],[35.98752,53.890295],[35.990006,53.886598],[35.98865,53.884155],[35.992154,53.884333],[35.997409,53.881957],[36.000818,53.876827],[35.99901,53.874751],[36.000762,53.872674],[35.981718,53.862445],[35.977273,53.856746],[35.97311,53.855624],[35.969758,53.852568],[35.958701,53.850602],[35.952146,53.852013],[35.940601,53.850628],[35.932483,53.8532],[35.932689,53.854195],[35.925364,53.854886],[35.923698,53.852935],[35.919023,53.85365],[35.917958,53.85165],[35.905305,53.855216],[35.901922,53.848161],[35.898555,53.850182],[35.900677,53.840863],[35.918672,53.840016],[35.925447,53.837582],[35.925553,53.832712],[35.929894,53.832606],[35.938151,53.827419],[35.956994,53.82435],[35.965145,53.824244],[35.972825,53.816385],[35.96144,53.807307],[35.964828,53.803708],[35.969698,53.802861],[35.970227,53.801273],[35.973197,53.800197],[35.949265,53.783711],[35.945351,53.788252],[35.941222,53.790475],[35.936141,53.787829],[35.933389,53.787511],[35.931459,53.789541],[35.928414,53.788252],[35.91735,53.776976],[35.921095,53.770506],[35.920607,53.766409],[35.923459,53.762855],[35.934873,53.758832],[35.93345,53.752785],[35.948862,53.751074],[35.958421,53.751863],[35.959044,53.749456],[35.954574,53.748928],[35.954031,53.747332],[35.957132,53.744125],[35.954912,53.741722],[35.955688,53.737261],[35.954401,53.73324],[35.957934,53.728031],[35.958767,53.721888],[35.957407,53.719561],[35.963249,53.715868],[35.970096,53.720419],[35.97246,53.72075],[35.974575,53.723785],[35.97805,53.723524],[35.983343,53.720819],[35.983532,53.722825],[35.987757,53.723844],[35.999686,53.720999],[36.004327,53.723743],[36.009577,53.724931],[36.018026,53.722096],[36.017323,53.726304],[36.028752,53.726162],[36.038127,53.722768],[36.029579,53.718422],[36.030931,53.716437],[36.030425,53.712043],[36.04101,53.70951],[36.047166,53.713205],[36.047041,53.714225],[36.052422,53.715762],[36.058126,53.709633],[36.066608,53.70532],[36.067515,53.702336],[36.070743,53.699502],[36.079092,53.698294],[36.078789,53.701298],[36.079883,53.702683],[36.08765,53.702885],[36.086493,53.69804],[36.079039,53.698215],[36.072385,53.693124],[36.074004,53.681861],[36.048895,53.679656],[36.027956,53.673086],[36.003268,53.659763],[35.999314,53.647601],[35.992539,53.64142],[35.995934,53.639872],[35.996325,53.632975],[35.995934,53.631454],[35.993073,53.630749],[35.991189,53.626273],[36.009328,53.620032],[36.015084,53.619729],[36.023467,53.610236],[36.037,53.610236],[36.03084,53.601854],[36.021448,53.597309],[36.021549,53.595188],[36.02983,53.587412],[36.02872,53.58317],[36.030437,53.579939],[36.028215,53.578323],[36.021954,53.577313],[36.015793,53.573071],[36.023065,53.570446],[36.018924,53.567567],[36.024984,53.567466],[36.030538,53.560296],[36.034275,53.560801],[36.035083,53.559084],[36.03859,53.558794],[36.048918,53.561104],[36.060633,53.569487],[36.058815,53.572113],[36.060734,53.573425],[36.067904,53.571305],[36.068308,53.569588],[36.074267,53.56979],[36.074873,53.568376],[36.081235,53.569588],[36.09497,53.559287],[36.098808,53.558277],[36.104867,53.55959],[36.109614,53.558783],[36.121329,53.550199],[36.13163,53.546765],[36.137992,53.548381],[36.145869,53.547674],[36.173945,53.539393],[36.207978,53.549897],[36.215855,53.555653],[36.219895,53.556663],[36.226766,53.561347],[36.237366,53.561818],[36.233299,53.557221],[36.228511,53.548008],[36.229328,53.54534],[36.231713,53.544546],[36.24326,53.544746],[36.263941,53.554685],[36.270805,53.553571],[36.277741,53.555844],[36.283768,53.555441],[36.297238,53.549159],[36.317488,53.558374],[36.343902,53.575818],[36.350623,53.578371],[36.344435,53.585667],[36.357459,53.58564],[36.364052,53.588647],[36.362203,53.590895],[36.35958,53.590532],[36.358914,53.591718],[36.35238,53.59285],[36.35142,53.599188],[36.353506,53.603873],[36.335599,53.594215],[36.330939,53.593141],[36.328833,53.594197],[36.330887,53.59625],[36.329029,53.601442],[36.326806,53.602875],[36.327306,53.6042],[36.331827,53.605131],[36.334047,53.616354],[36.329474,53.620553],[36.323594,53.619944],[36.318586,53.623312],[36.318436,53.626437],[36.314819,53.629154],[36.30918,53.630523],[36.308372,53.631689],[36.309935,53.632498],[36.30828,53.635331],[36.304162,53.635213],[36.3,53.642374],[36.303491,53.643062],[36.310508,53.648154],[36.313723,53.651737],[36.31422,53.655721],[36.300886,53.657559],[36.30161,53.659463],[36.304029,53.660399],[36.302317,53.661876],[36.298123,53.660083],[36.291908,53.662399],[36.294728,53.664927],[36.298475,53.665813],[36.297531,53.669141],[36.300121,53.66945],[36.300121,53.670502],[36.291002,53.674675],[36.282531,53.677686],[36.277407,53.67426],[36.274277,53.676158],[36.273433,53.675053],[36.270458,53.675711],[36.270817,53.678996],[36.279991,53.680128],[36.284987,53.683183],[36.279531,53.687665],[36.282194,53.689868],[36.282805,53.69296],[36.286783,53.694803],[36.293091,53.689884],[36.299447,53.687285],[36.306871,53.690991],[36.306737,53.693068],[36.302467,53.698279],[36.304565,53.699641],[36.302672,53.701179],[36.303446,53.701595],[36.301764,53.708552],[36.304566,53.709345],[36.30709,53.700811],[36.316729,53.699141],[36.32074,53.699267],[36.338665,53.705292],[36.345148,53.706028],[36.359047,53.700933],[36.368191,53.700601],[36.372476,53.702338],[36.374133,53.704496],[36.380184,53.706102],[36.381753,53.70743],[36.380452,53.710854],[36.381902,53.715809],[36.387273,53.717976],[36.392858,53.729357],[36.406048,53.736253],[36.393635,53.739744],[36.400655,53.743986],[36.400089,53.745172],[36.401903,53.749289],[36.398969,53.751487],[36.401041,53.754621],[36.396489,53.765406],[36.389204,53.768094],[36.389883,53.773395],[36.519923,53.755467],[36.520055,53.757396],[36.51708,53.757109],[36.516902,53.759209],[36.5124,53.763296],[36.512534,53.764871],[36.509405,53.76934],[36.500011,53.772745],[36.488295,53.774182],[36.485795,53.77936],[36.489508,53.785654],[36.486711,53.785798],[36.484105,53.790349],[36.48265,53.801411],[36.469924,53.798988],[36.453092,53.806612],[36.447339,53.806204],[36.445792,53.807881],[36.445667,53.817855],[36.447487,53.819603],[36.451765,53.82055],[36.455182,53.827748],[36.462416,53.835597],[36.471474,53.837213],[36.47885,53.842784],[36.477699,53.845895],[36.48831,53.846187],[36.481489,53.854241],[36.465409,53.850671],[36.463135,53.855903],[36.448484,53.858673],[36.443942,53.861996],[36.434601,53.864932],[36.425986,53.869757],[36.4026,53.874838],[36.397563,53.878956],[36.398386,53.881254],[36.414477,53.878466],[36.423797,53.883797],[36.425014,53.887529],[36.415202,53.890168],[36.420204,53.895121],[36.423148,53.894329],[36.426452,53.89554],[36.432797,53.902232],[36.437135,53.902324],[36.438308,53.898929],[36.448617,53.903994],[36.451974,53.90435],[36.456569,53.908153],[36.470602,53.915575],[36.481823,53.91642],[36.484602,53.915585],[36.49883,53.919872],[36.49286,53.930863],[36.495566,53.934055],[36.490277,53.933659],[36.469207,53.938632],[36.46231,53.944622],[36.453887,53.944294],[36.449533,53.946665],[36.433062,53.948492],[36.425984,53.952877],[36.420714,53.95311],[36.41083,53.958696],[36.406485,53.966369],[36.394391,53.963051],[36.390085,53.959918],[36.389839,53.954319],[36.392736,53.950541],[36.388743,53.946486],[36.382323,53.943629],[36.369717,53.944181],[36.345209,53.936531],[36.338084,53.944181],[36.334091,53.943813],[36.334717,53.940126],[36.329393,53.938835],[36.312559,53.944965],[36.305591,53.951001],[36.302302,53.951969],[36.261649,53.949987],[36.260819,53.956926],[36.264662,53.962477],[36.264662,53.96632],[36.261451,53.967037],[36.236904,53.962608],[36.220383,53.961825],[36.212631,53.956803],[36.205741,53.955744],[36.202922,53.957402],[36.20073,53.961917],[36.19658,53.963898],[36.194544,53.968872],[36.195249,53.975872],[36.196815,53.980293],[36.199179,53.982615],[36.197049,53.982588],[36.194544,53.980247],[36.192352,53.97578],[36.184349,53.975046],[36.183552,53.970311],[36.173662,53.9695],[36.166508,53.970931],[36.166562,53.979654],[36.144784,53.981514],[36.132658,53.978089],[36.127412,53.980921]]]}},{"type":"Feature","properties":{"osm_relation_id":1748970,"name":"Богородицкий район","admin_level":6,"center":[38.2333,53.7164],"area_km2":955.09,"source":"OpenStreetMap contributors (ODbL), Overpass API","fetched_at":"2026-09-13"},"geometry":{"type":"Polygon","coordinates":[[[38.132652,53.607025],[38.120796,53.609492],[38.109825,53.606185],[38.094872,53.608573],[38.088546,53.608416],[38.065365,53.602956],[38.059748,53.599653],[38.046096,53.611078],[38.030682,53.60583],[38.023297,53.61192],[38.032555,53.619552],[38.031847,53.621468],[38.014144,53.636976],[38.009848,53.63879],[38.000747,53.63545],[37.994642,53.636447],[37.995527,53.638493],[37.985529,53.641221],[37.960932,53.654437],[37.92218,53.666495],[37.915986,53.674934],[37.911258,53.668263],[37.901759,53.668705],[37.866427,53.678055],[37.877142,53.700435],[37.873309,53.705515],[37.870237,53.705818],[37.867779,53.717151],[37.865732,53.717272],[37.862398,53.734711],[37.868784,53.73705],[37.871965,53.742051],[37.875869,53.741986],[37.869418,53.761057],[37.877609,53.762994],[37.877712,53.766142],[37.881807,53.773222],[37.878121,53.77413],[37.875357,53.782061],[37.88191,53.782454],[37.882054,53.786907],[37.88066,53.787781],[37.886689,53.78967],[37.887526,53.788054],[37.889854,53.787585],[37.896571,53.788941],[37.895884,53.787667],[37.90047,53.786615],[37.898131,53.785417],[37.903196,53.784301],[37.909504,53.784846],[37.913983,53.788827],[37.917234,53.788459],[37.918243,53.786856],[37.928778,53.787439],[37.928736,53.789518],[37.924594,53.790418],[37.927791,53.792123],[37.929969,53.789847],[37.933721,53.790177],[37.936958,53.788416],[37.936535,53.785658],[37.938177,53.784453],[37.941632,53.783984],[37.944985,53.785652],[37.946704,53.783715],[37.950268,53.786643],[37.948465,53.789793],[37.949413,53.792162],[37.957751,53.798368],[37.958171,53.801987],[37.956654,53.803683],[37.949035,53.807473],[37.946923,53.809885],[37.954351,53.825609],[37.973113,53.82721],[37.977613,53.830639],[37.989381,53.826961],[37.994594,53.830301],[38.006264,53.834739],[38.012514,53.839504],[38.023451,53.842825],[38.030281,53.846553],[38.044505,53.849838],[38.051048,53.845073],[38.099215,53.864156],[38.107093,53.855903],[38.108721,53.856054],[38.114155,53.851777],[38.095118,53.844091],[38.076376,53.827877],[38.093635,53.821427],[38.107262,53.831629],[38.108971,53.831862],[38.115473,53.82705],[38.130499,53.833515],[38.134225,53.829383],[38.135649,53.828887],[38.136303,53.830035],[38.146804,53.82585],[38.148811,53.812367],[38.156516,53.812739],[38.158646,53.808313],[38.161366,53.806841],[38.180674,53.806795],[38.182367,53.823874],[38.183483,53.840397],[38.173843,53.838445],[38.157403,53.839586],[38.159038,53.843574],[38.164818,53.847088],[38.178317,53.851042],[38.21708,53.851702],[38.220502,53.849397],[38.235095,53.850857],[38.250754,53.850061],[38.267237,53.846279],[38.271001,53.858734],[38.278898,53.86105],[38.28404,53.857058],[38.281426,53.846997],[38.295267,53.846123],[38.30906,53.842821],[38.313036,53.843063],[38.318055,53.850143],[38.322063,53.851528],[38.335752,53.848934],[38.335555,53.83678],[38.339197,53.834554],[38.346694,53.83414],[38.347277,53.830715],[38.345648,53.829723],[38.338144,53.829819],[38.334032,53.804889],[38.330492,53.804142],[38.333686,53.781048],[38.339034,53.777008],[38.407232,53.763827],[38.436574,53.75978],[38.439041,53.757516],[38.436589,53.742823],[38.439558,53.739995],[38.445779,53.739368],[38.459319,53.743533],[38.463255,53.743388],[38.465728,53.741863],[38.468428,53.72011],[38.467235,53.689284],[38.465296,53.680726],[38.467172,53.679358],[38.483013,53.687632],[38.48589,53.68709],[38.484975,53.68283],[38.486937,53.681204],[38.525063,53.673012],[38.52557,53.675659],[38.52079,53.68076],[38.522055,53.685519],[38.531061,53.684536],[38.534366,53.682798],[38.534701,53.679444],[38.53123,53.676171],[38.575171,53.686395],[38.57857,53.685734],[38.589632,53.672987],[38.588489,53.664275],[38.592346,53.660125],[38.602313,53.655806],[38.603175,53.654015],[38.601806,53.649077],[38.595681,53.640553],[38.595123,53.637602],[38.596232,53.633737],[38.603628,53.631492],[38.604297,53.629278],[38.582694,53.625968],[38.574519,53.621514],[38.559053,53.616147],[38.559716,53.613946],[38.534724,53.615695],[38.52273,53.619885],[38.513818,53.620107],[38.468271,53.615067],[38.461547,53.612635],[38.468167,53.611855],[38.468973,53.608302],[38.467857,53.606642],[38.434185,53.617535],[38.425945,53.618854],[38.41713,53.618427],[38.388131,53.613302],[38.381981,53.610912],[38.378235,53.605743],[38.378157,53.602204],[38.381538,53.598837],[38.371932,53.59573],[38.367093,53.601163],[38.361842,53.600577],[38.360798,53.593225],[38.355525,53.591455],[38.36081,53.586951],[38.346356,53.572966],[38.336059,53.568691],[38.301067,53.571864],[38.271673,53.582038],[38.256836,53.58563],[38.237251,53.581952],[38.216714,53.582307],[38.207381,53.568864],[38.198134,53.575696],[38.185018,53.569363],[38.152666,53.594838],[38.160721,53.599438],[38.155953,53.60266],[38.132652,53.607025]]]}},{"type":"Feature","properties":{"osm_relation_id":1748971,"name":"Венёвский муниципальный округ","admin_level":6,"center":[38.1952,54.4035],"area_km2":1620.84,"source":"OpenStreetMap contributors (ODbL), Overpass API","fetched_at":"2026-09-13"},"geometry":{"type":"Polygon","coordinates":[[[38.051535,54.663916],[38.06274,54.663994],[38.066622,54.665653],[38.068107,54.66495],[38.068039,54.663311],[38.066149,54.662959],[38.066014,54.661807],[38.071988,54.657473],[38.073811,54.657395],[38.086704,54.664931],[38.084274,54.669186],[38.089944,54.669479],[38.098483,54.665009],[38.101116,54.661241],[38.105672,54.651674],[38.105031,54.646831],[38.106212,54.643589],[38.111038,54.639937],[38.115797,54.638453],[38.114009,54.634253],[38.111241,54.632397],[38.099327,54.626965],[38.086096,54.622921],[38.079751,54.618661],[38.081169,54.615592],[38.079042,54.612758],[38.080359,54.610706],[38.085691,54.6084],[38.088054,54.603493],[38.078806,54.597843],[38.077557,54.589121],[38.069423,54.585034],[38.070706,54.580809],[38.081236,54.578305],[38.081337,54.567349],[38.077456,54.558269],[38.077186,54.553924],[38.084949,54.550792],[38.082924,54.547836],[38.084038,54.546054],[38.083362,54.544645],[38.073035,54.541629],[38.067162,54.540964],[38.063449,54.542373],[38.065137,54.5458],[38.072393,54.546759],[38.073136,54.547679],[38.07128,54.551359],[38.075431,54.554609],[38.071887,54.559541],[38.066149,54.562437],[38.065441,54.566468],[38.06031,54.566801],[38.060142,54.568327],[38.062538,54.56954],[38.062234,54.570714],[38.057273,54.570029],[38.058218,54.564981],[38.052885,54.562711],[38.047755,54.565959],[38.041106,54.567897],[38.043941,54.571829],[38.039969,54.576895],[38.039114,54.577112],[38.039269,54.57444],[38.037845,54.574203],[38.025831,54.575033],[38.026795,54.571242],[38.020585,54.570988],[38.027133,54.563533],[38.02612,54.562378],[38.02693,54.559208],[38.02477,54.558523],[38.025074,54.557173],[38.048565,54.550126],[38.051873,54.546896],[38.054134,54.546916],[38.058386,54.543705],[38.058521,54.542413],[38.054809,54.538477],[38.04222,54.541884],[38.037495,54.540357],[38.035199,54.536245],[38.027538,54.531995],[38.023859,54.532132],[38.032702,54.537948],[38.032837,54.541101],[38.025565,54.541868],[38.020484,54.541022],[38.013362,54.532798],[38.017412,54.531486],[38.016366,54.529782],[38.010527,54.524788],[38.005971,54.524435],[38.001392,54.519073],[37.999709,54.518688],[38.001141,54.516611],[38.000473,54.514339],[38.005103,54.512233],[38.010592,54.512953],[38.018038,54.511595],[38.018754,54.510404],[38.030162,54.513507],[38.039851,54.51384],[38.041856,54.515364],[38.051164,54.515225],[38.048984,54.509589],[38.051875,54.499808],[38.063378,54.499752],[38.063904,54.501387],[38.068915,54.501554],[38.07512,54.497451],[38.077412,54.494291],[38.076839,54.493293],[38.073641,54.493432],[38.073354,54.49188],[38.069775,54.490577],[38.067054,54.492101],[38.064333,54.490909],[38.054978,54.494458],[38.051255,54.492905],[38.050109,54.489357],[38.056696,54.48517],[38.054739,54.483617],[38.060324,54.472247],[38.074261,54.468668],[38.075216,54.470749],[38.083855,54.474771],[38.082757,54.478126],[38.085383,54.47821],[38.087722,54.479929],[38.090586,54.479291],[38.089488,54.474687],[38.086862,54.472441],[38.08271,54.464341],[38.080801,54.463842],[38.075216,54.465672],[38.061422,54.455379],[38.058176,54.454519],[38.054596,54.450495],[38.045909,54.446138],[38.042472,54.445972],[38.029489,54.438838],[38.029394,54.437117],[38.031398,54.435757],[38.032735,54.432037],[38.032735,54.429316],[38.04567,54.429177],[38.047627,54.427205],[38.042615,54.422235],[38.03536,54.419513],[38.031351,54.420513],[38.028869,54.419319],[38.019609,54.42104],[38.011972,54.419319],[38.007055,54.417847],[38.006673,54.414486],[37.999323,54.415014],[37.995695,54.413653],[37.988822,54.404791],[37.985672,54.402846],[37.978941,54.400762],[37.958751,54.400179],[37.9535,54.396678],[37.952641,54.394566],[37.955028,54.391286],[37.955839,54.38759],[37.96677,54.378751],[37.967104,54.375943],[37.96844,54.375414],[37.969777,54.371939],[37.96171,54.3718],[37.948011,54.367573],[37.936317,54.366461],[37.933996,54.364414],[37.935983,54.362178],[37.935315,54.360927],[37.925243,54.357422],[37.905435,54.353361],[37.900757,54.354808],[37.896032,54.363152],[37.893979,54.361539],[37.884916,54.359687],[37.870678,54.352473],[37.870992,54.350642],[37.867202,54.345147],[37.860872,54.34286],[37.867902,54.344188],[37.87756,54.341717],[37.88008,54.339945],[37.877298,54.337429],[37.868661,54.337292],[37.869577,54.335491],[37.866593,54.333812],[37.875492,54.329554],[37.872796,54.328745],[37.873765,54.326975],[37.877272,54.327753],[37.878921,54.32609],[37.878345,54.324029],[37.883396,54.324899],[37.885674,54.323251],[37.887951,54.321052],[37.888736,54.316885],[37.894311,54.317495],[37.897894,54.314379],[37.900167,54.313955],[37.903303,54.319232],[37.910077,54.31947],[37.911713,54.320822],[37.915077,54.319842],[37.917805,54.322784],[37.917396,54.324163],[37.924555,54.321838],[37.921987,54.319744],[37.9211,54.316178],[37.915081,54.316299],[37.915354,54.313872],[37.911231,54.312944],[37.912986,54.310662],[37.91061,54.309644],[37.909999,54.306494],[37.904277,54.304547],[37.902718,54.307275],[37.900838,54.306056],[37.901593,54.30389],[37.904213,54.304299],[37.904984,54.302987],[37.904052,54.299291],[37.916428,54.298469],[37.915881,54.296556],[37.910803,54.2965],[37.910867,54.292241],[37.921635,54.292354],[37.923949,54.289952],[37.92366,54.287926],[37.929478,54.289277],[37.936068,54.29316],[37.929607,54.296443],[37.922085,54.293123],[37.919417,54.293873],[37.920864,54.296031],[37.920317,54.299726],[37.923088,54.301586],[37.926759,54.300347],[37.932714,54.301885],[37.936851,54.299922],[37.944988,54.300241],[37.947215,54.299259],[37.947261,54.296739],[37.95017,54.297137],[37.957125,54.299816],[37.973014,54.308965],[37.986028,54.307668],[38.020846,54.316867],[38.028102,54.315951],[38.034601,54.308514],[38.036709,54.299276],[38.035426,54.294079],[38.032334,54.29591],[38.028695,54.2956],[38.024561,54.291528],[38.024679,54.289213],[38.013719,54.285108],[38.012009,54.282622],[38.008122,54.280993],[37.994034,54.281769],[37.987139,54.279094],[37.975229,54.27795],[37.97322,54.275951],[37.960822,54.277087],[37.962877,54.27446],[37.962354,54.272748],[37.954694,54.269735],[37.952308,54.267094],[37.95547,54.261],[37.953662,54.258116],[37.940284,54.255942],[37.937127,54.257527],[37.93469,54.255821],[37.928285,54.255716],[37.929365,54.254103],[37.928283,54.252383],[37.930199,54.250955],[37.946099,54.255364],[37.970153,54.250989],[37.971719,54.254562],[37.976397,54.255414],[37.981461,54.253559],[37.981762,54.250876],[37.97614,54.244081],[37.969702,54.245686],[37.969531,54.250876],[37.945927,54.255094],[37.930412,54.250609],[37.931776,54.250136],[37.929886,54.249505],[37.929886,54.247809],[37.931506,54.24702],[37.936029,54.249623],[37.936299,54.248479],[37.955402,54.249899],[37.95817,54.248361],[37.962355,54.24844],[37.964043,54.247651],[37.951285,54.240709],[37.950677,54.236448],[37.955335,54.235975],[37.95601,54.231911],[37.959448,54.230457],[37.960414,54.231799],[37.963836,54.231868],[37.968911,54.229961],[37.964952,54.226117],[37.966776,54.223972],[37.965757,54.22246],[37.96713,54.221657],[37.976432,54.219487],[37.988384,54.220472],[37.988416,54.218665],[37.993834,54.219073],[37.994617,54.220754],[37.997471,54.221601],[38.000497,54.220616],[38.001072,54.218206],[38.006989,54.219971],[38.022934,54.215293],[38.034008,54.207322],[38.022809,54.202579],[38.028643,54.199466],[38.034313,54.194411],[38.03249,54.180745],[38.01683,54.178138],[37.991584,54.169524],[38.004544,54.162055],[38.005287,54.160435],[38.0198,54.153794],[38.023648,54.148418],[38.023715,54.146362],[38.01791,54.14304],[38.0171,54.138928],[38.020475,54.138928],[38.01899,54.13268],[38.010379,54.122651],[38.014762,54.121494],[38.022992,54.122014],[38.025497,54.119814],[38.033421,54.117401],[38.031348,54.114975],[38.034862,54.113129],[38.035323,54.11036],[38.032693,54.104827],[38.031378,54.095967],[38.039433,54.095766],[38.042738,54.094356],[38.042602,54.090959],[38.06735,54.096093],[38.072628,54.090128],[38.081104,54.091789],[38.08885,54.090216],[38.130149,54.096426],[38.135685,54.099632],[38.136022,54.101137],[38.140342,54.104461],[38.139735,54.11198],[38.143042,54.116253],[38.14014,54.117876],[38.140369,54.123675],[38.148546,54.126975],[38.148785,54.128626],[38.152174,54.131227],[38.152126,54.133632],[38.142723,54.137966],[38.145491,54.143391],[38.151219,54.141741],[38.151806,54.138038],[38.156227,54.134988],[38.156167,54.133089],[38.158316,54.132994],[38.159356,54.13041],[38.162693,54.131892],[38.164297,54.136204],[38.167877,54.135226],[38.179109,54.135768],[38.183214,54.141333],[38.189409,54.140975],[38.19174,54.138227],[38.197324,54.138143],[38.210976,54.143507],[38.214174,54.147588],[38.217133,54.149042],[38.236226,54.153934],[38.250879,54.160167],[38.258182,54.163576],[38.261141,54.168606],[38.265771,54.168746],[38.268206,54.170395],[38.268826,54.171959],[38.266678,54.172294],[38.265962,54.174502],[38.266726,54.177798],[38.265151,54.178217],[38.264005,54.176122],[38.258134,54.179586],[38.256998,54.177363],[38.259805,54.168411],[38.257752,54.165365],[38.230164,54.153179],[38.216417,54.152173],[38.209257,54.146135],[38.196322,54.139173],[38.192694,54.139173],[38.190785,54.141102],[38.197181,54.143059],[38.202661,54.146968],[38.206441,54.15153],[38.209667,54.162123],[38.22241,54.192633],[38.22889,54.20215],[38.228418,54.216914],[38.2243,54.222005],[38.227135,54.236881],[38.238071,54.246624],[38.241756,54.255596],[38.248126,54.252015],[38.254284,54.252935],[38.26889,54.25235],[38.277577,54.248808],[38.281825,54.24839],[38.289796,54.250826],[38.294856,54.247163],[38.291658,54.24284],[38.337814,54.229923],[38.342635,54.231932],[38.343303,54.236703],[38.345451,54.237344],[38.34526,54.238823],[38.363089,54.262434],[38.386327,54.260297],[38.39576,54.244959],[38.40965,54.21692],[38.412275,54.214603],[38.421631,54.212119],[38.424685,54.214352],[38.43114,54.215615],[38.43175,54.220576],[38.433418,54.221244],[38.440007,54.22345],[38.443826,54.219376],[38.451033,54.222752],[38.450079,54.224148],[38.468885,54.228668],[38.466225,54.232314],[38.473381,54.233588],[38.477367,54.233364],[38.480211,54.231724],[38.489769,54.239082],[38.495567,54.249226],[38.503442,54.253995],[38.526783,54.257787],[38.529447,54.292965],[38.528362,54.294144],[38.51291,54.294103],[38.512733,54.295663],[38.510521,54.296849],[38.513045,54.300846],[38.516249,54.302376],[38.518998,54.306105],[38.516379,54.307971],[38.510744,54.308395],[38.507862,54.312281],[38.519661,54.320857],[38.517619,54.323886],[38.510702,54.32507],[38.510382,54.327095],[38.507058,54.327997],[38.508752,54.330916],[38.514742,54.332298],[38.51686,54.334134],[38.510633,54.338618],[38.511743,54.34111],[38.51384,54.342192],[38.503923,54.34493],[38.504997,54.346009],[38.50432,54.347055],[38.513011,54.354495],[38.512921,54.35765],[38.508958,54.360696],[38.50904,54.362001],[38.517718,54.365254],[38.51844,54.367241],[38.515964,54.36946],[38.518387,54.368895],[38.528351,54.380648],[38.527189,54.381106],[38.528089,54.382158],[38.524549,54.383183],[38.523334,54.384791],[38.526612,54.385833],[38.528058,54.387692],[38.527365,54.395047],[38.484496,54.397746],[38.484366,54.401619],[38.48312,54.402516],[38.475554,54.401818],[38.453655,54.416074],[38.470255,54.423191],[38.460998,54.430099],[38.458191,54.434051],[38.450335,54.438355],[38.450723,54.44001],[38.442295,54.441645],[38.431762,54.441682],[38.431855,54.443358],[38.420126,54.456837],[38.409463,54.462851],[38.400305,54.461005],[38.386897,54.46627],[38.393861,54.470364],[38.39772,54.475176],[38.398377,54.479646],[38.396385,54.480063],[38.394994,54.48523],[38.39754,54.486105],[38.395633,54.49064],[38.394543,54.499227],[38.399512,54.501559],[38.400269,54.503249],[38.398851,54.5073],[38.388954,54.513102],[38.382368,54.512438],[38.379919,54.513964],[38.378991,54.52513],[38.376172,54.526483],[38.385376,54.530917],[38.38624,54.533497],[38.388942,54.532842],[38.406899,54.537567],[38.414264,54.540722],[38.419305,54.539993],[38.423841,54.541588],[38.42248,54.542418],[38.421948,54.545924],[38.429291,54.544713],[38.429395,54.542371],[38.433807,54.538672],[38.450956,54.536677],[38.453723,54.54062],[38.43924,54.542852],[38.442067,54.549175],[38.436685,54.550088],[38.439187,54.553741],[38.455611,54.549396],[38.457998,54.549169],[38.45875,54.550407],[38.457193,54.552115],[38.451996,54.553441],[38.454377,54.557089],[38.458234,54.557629],[38.45227,54.563346],[38.454434,54.564883],[38.446135,54.57254],[38.454881,54.569109],[38.471292,54.571361],[38.479861,54.575155],[38.493516,54.584808],[38.501967,54.586341],[38.509468,54.590203],[38.516588,54.59149],[38.518536,54.593656],[38.518959,54.596205],[38.511347,54.596713],[38.511538,54.599009],[38.495458,54.614411],[38.490895,54.615499],[38.485892,54.613413],[38.482376,54.616478],[38.479874,54.623527],[38.48349,54.629945],[38.472172,54.633675],[38.473642,54.634159],[38.473084,54.636577],[38.464268,54.640954],[38.47054,54.644325],[38.456644,54.653588],[38.452863,54.653185],[38.451597,54.651159],[38.44472,54.651756],[38.442109,54.648756],[38.438559,54.648952],[38.433021,54.651461],[38.43148,54.648682],[38.428837,54.64758],[38.422812,54.651189],[38.418502,54.648907],[38.415803,54.649258],[38.415969,54.648348],[38.409907,54.648192],[38.401033,54.645773],[38.397692,54.646105],[38.395869,54.648429],[38.391887,54.647413],[38.394751,54.642545],[38.388285,54.638275],[38.371744,54.648085],[38.363725,54.648251],[38.360002,54.65405],[38.345683,54.658137],[38.344537,54.657143],[38.331077,54.656701],[38.318029,54.6507],[38.316001,54.652534],[38.316422,54.653615],[38.312312,54.654595],[38.309199,54.657366],[38.31465,54.661571],[38.29992,54.66897],[38.297883,54.670518],[38.29748,54.673077],[38.291259,54.677533],[38.281225,54.676297],[38.279741,54.674183],[38.276302,54.673076],[38.273844,54.673869],[38.2726,54.67199],[38.256476,54.663742],[38.241518,54.671532],[38.239609,54.671367],[38.236343,54.667139],[38.234162,54.666913],[38.233139,54.668674],[38.215332,54.679213],[38.212476,54.689978],[38.212292,54.696465],[38.187037,54.695098],[38.183548,54.698316],[38.180317,54.698485],[38.156499,54.69355],[38.150317,54.687386],[38.137144,54.686647],[38.134973,54.689265],[38.130246,54.703407],[38.125222,54.707109],[38.11846,54.716841],[38.11171,54.71493],[38.097029,54.714962],[38.079638,54.709204],[38.068939,54.709262],[38.068258,54.69824],[38.071735,54.689716],[38.070823,54.685873],[38.060158,54.680488],[38.050539,54.670086],[38.04983,54.668876],[38.051535,54.663916]]]}},{"type":"Feature","properties":{"osm_relation_id":1748972,"name":"Воловский муниципальный округ","admin_level":6,"center":[38.0709,53.4942],"area_km2":1070.15,"source":"OpenStreetMap contributors (ODbL), Overpass API","fetched_at":"2026-09-13"},"geometry":{"type":"Polygon","coordinates":[[[37.803469,53.397852],[37.816818,53.402675],[37.830488,53.398684],[37.833523,53.391801],[37.842,53.391764],[37.847975,53.384898],[37.856483,53.378629],[37.858172,53.378256],[37.863052,53.380887],[37.873907,53.379655],[37.882103,53.380681],[37.890517,53.373105],[37.88986,53.37081],[37.895898,53.363941],[37.900183,53.361477],[37.900121,53.355503],[37.901278,53.352795],[37.89987,53.348015],[37.903718,53.343627],[37.897462,53.340433],[37.90109,53.336324],[37.898963,53.334083],[37.904437,53.332868],[37.907284,53.330739],[37.907691,53.328516],[37.927116,53.318501],[37.932309,53.321659],[37.935531,53.321435],[37.937095,53.323471],[37.941881,53.325639],[37.949858,53.325209],[37.980451,53.31582],[37.985147,53.313397],[38.000694,53.315848],[38.00839,53.319063],[38.012331,53.319231],[38.016961,53.330385],[38.019369,53.333206],[38.02672,53.331898],[38.029192,53.334401],[38.028284,53.336306],[38.032382,53.337072],[38.03476,53.342638],[38.040015,53.345047],[38.049837,53.345346],[38.053466,53.347363],[38.056531,53.344767],[38.059722,53.344711],[38.062068,53.340826],[38.062694,53.342601],[38.075769,53.343198],[38.07774,53.344431],[38.075206,53.349323],[38.075989,53.356773],[38.079461,53.359854],[38.086124,53.361496],[38.091817,53.359966],[38.103735,53.352796],[38.101733,53.355354],[38.107645,53.357781],[38.109929,53.353823],[38.124631,53.353693],[38.126977,53.345775],[38.126039,53.340808],[38.129949,53.341704],[38.135986,53.339332],[38.152471,53.338622],[38.164577,53.332589],[38.172835,53.335541],[38.203084,53.341405],[38.206119,53.337296],[38.22911,53.328461],[38.230987,53.326536],[38.259402,53.322018],[38.287774,53.359651],[38.303477,53.358886],[38.313425,53.361443],[38.299724,53.369041],[38.296752,53.369134],[38.29378,53.376319],[38.301788,53.381861],[38.297315,53.3866],[38.289932,53.388167],[38.263844,53.389398],[38.263093,53.390144],[38.2696,53.398352],[38.26253,53.397587],[38.253208,53.39893],[38.240539,53.40652],[38.236618,53.411173],[38.240258,53.411052],[38.244324,53.412711],[38.244762,53.415769],[38.25155,53.416384],[38.256962,53.418733],[38.264251,53.419926],[38.281578,53.418953],[38.286677,53.420071],[38.289023,53.418487],[38.293715,53.423576],[38.30238,53.428702],[38.303475,53.43118],[38.315706,53.430789],[38.318834,53.433901],[38.32922,53.438728],[38.314205,53.447708],[38.309481,53.453222],[38.330439,53.454377],[38.332692,53.459183],[38.331315,53.460468],[38.332003,53.461883],[38.340794,53.47043],[38.341482,53.476463],[38.339166,53.480247],[38.345861,53.482346],[38.345861,53.483574],[38.351992,53.485435],[38.358905,53.4894],[38.366288,53.490721],[38.366538,53.492657],[38.364786,53.493476],[38.370855,53.500621],[38.364255,53.501793],[38.361689,53.504268],[38.375516,53.512565],[38.384056,53.51621],[38.370886,53.522236],[38.372419,53.524394],[38.377017,53.526421],[38.382335,53.526792],[38.387872,53.531459],[38.403075,53.540606],[38.405077,53.544287],[38.396912,53.54977],[38.396693,53.554973],[38.391688,53.55384],[38.384181,53.554397],[38.37758,53.558262],[38.376392,53.557575],[38.376955,53.555493],[38.372643,53.552806],[38.369077,53.552285],[38.351935,53.556076],[38.346356,53.572966],[38.336059,53.568691],[38.301067,53.571864],[38.271673,53.582038],[38.256836,53.58563],[38.237251,53.581952],[38.216714,53.582307],[38.207381,53.568864],[38.198134,53.575696],[38.185018,53.569363],[38.152666,53.594838],[38.160721,53.599438],[38.155953,53.60266],[38.120796,53.609492],[38.109825,53.606185],[38.094872,53.608573],[38.088546,53.608416],[38.065365,53.602956],[38.059748,53.599653],[38.046096,53.611078],[38.030682,53.60583],[38.023297,53.61192],[38.032555,53.619552],[38.031847,53.621468],[38.014144,53.636976],[38.009848,53.63879],[38.000747,53.63545],[37.994642,53.636447],[37.995527,53.638493],[37.985529,53.641221],[37.960932,53.654437],[37.92218,53.666495],[37.915986,53.674934],[37.872365,53.620722],[37.869467,53.621771],[37.869445,53.623149],[37.867322,53.624408],[37.836045,53.609975],[37.831754,53.611813],[37.826202,53.618859],[37.816691,53.615697],[37.821137,53.610487],[37.821513,53.608086],[37.819489,53.597359],[37.796647,53.598996],[37.769599,53.597993],[37.77232,53.590011],[37.767719,53.588331],[37.781253,53.580758],[37.771744,53.57252],[37.772231,53.570076],[37.769643,53.568461],[37.769709,53.566057],[37.765706,53.56226],[37.776743,53.557938],[37.776589,53.553037],[37.786301,53.543686],[37.776412,53.542299],[37.78057,53.533203],[37.76702,53.522962],[37.766202,53.51782],[37.761778,53.516839],[37.762477,53.495616],[37.770716,53.494862],[37.769151,53.48061],[37.760458,53.474594],[37.757383,53.46917],[37.751853,53.470513],[37.73668,53.459768],[37.751727,53.45195],[37.74617,53.441177],[37.747371,53.437381],[37.75471,53.441037],[37.75707,53.436154],[37.761898,53.434837],[37.766061,53.431232],[37.769108,53.432805],[37.784593,53.429703],[37.789736,53.433948],[37.793144,53.430391],[37.798247,53.432357],[37.802537,53.431739],[37.805454,53.428047],[37.805238,53.425497],[37.811443,53.425321],[37.808962,53.422309],[37.808962,53.419776],[37.803382,53.416512],[37.803279,53.414071],[37.80118,53.412331],[37.803791,53.402779],[37.801794,53.401344],[37.803469,53.397852]]]}},{"type":"Feature","properties":{"osm_relation_id":1748973,"name":"городской округ Донской","admin_level":6,"center":[38.3457,53.973],"area_km2":58.3,"source":"OpenStreetMap contributors (ODbL), Overpass API","fetched_at":"2026-09-13"},"geometry":{"type":"Polygon","coordinates":[[[38.25361,53.905741],[38.253021,53.908522],[38.254995,53.910949],[38.261604,53.910406],[38.257356,53.904958],[38.253858,53.905628],[38.251958,53.903211],[38.259465,53.901129],[38.258542,53.899017],[38.266382,53.896989],[38.27305,53.906205],[38.267866,53.907713],[38.269672,53.911085],[38.270547,53.911796],[38.280997,53.908901],[38.282112,53.910544],[38.277236,53.911404],[38.27376,53.914127],[38.275376,53.915285],[38.279442,53.9132],[38.285075,53.912419],[38.290156,53.918512],[38.295504,53.919223],[38.304373,53.915377],[38.303566,53.912686],[38.300031,53.910097],[38.302752,53.909427],[38.305308,53.916211],[38.309227,53.918847],[38.32154,53.919303],[38.328342,53.916205],[38.333346,53.917327],[38.331967,53.920015],[38.326651,53.922179],[38.320721,53.927445],[38.313159,53.928488],[38.312389,53.927605],[38.315143,53.926602],[38.31188,53.92414],[38.307417,53.926224],[38.311459,53.92863],[38.3026,53.930189],[38.302379,53.932244],[38.307636,53.933122],[38.309911,53.935503],[38.307808,53.936211],[38.304622,53.935257],[38.304943,53.94036],[38.306885,53.941427],[38.305973,53.942065],[38.303581,53.941989],[38.301564,53.939179],[38.301199,53.938118],[38.303366,53.935743],[38.301306,53.931315],[38.302987,53.929229],[38.303115,53.926096],[38.298218,53.921313],[38.288463,53.923568],[38.283378,53.922714],[38.277807,53.927532],[38.271822,53.92707],[38.273841,53.930153],[38.270055,53.935116],[38.270231,53.938277],[38.272954,53.938099],[38.274609,53.944496],[38.28096,53.947108],[38.277849,53.950814],[38.278424,53.954415],[38.29525,53.957241],[38.303362,53.956697],[38.303684,53.954653],[38.308431,53.956142],[38.314734,53.955687],[38.315331,53.959121],[38.321847,53.958494],[38.332028,53.955019],[38.339629,53.956371],[38.338769,53.957968],[38.346274,53.959524],[38.350772,53.958257],[38.357329,53.959164],[38.363012,53.958089],[38.381442,53.960867],[38.387331,53.960156],[38.40771,53.952932],[38.41365,53.943062],[38.414147,53.941336],[38.409013,53.941438],[38.408525,53.943572],[38.405247,53.943656],[38.405697,53.940578],[38.402646,53.934652],[38.403484,53.932478],[38.40063,53.932122],[38.40178,53.928016],[38.399019,53.927681],[38.401051,53.925174],[38.400851,53.922771],[38.409595,53.920408],[38.40982,53.918905],[38.420444,53.919009],[38.419541,53.917125],[38.439861,53.917921],[38.438376,53.922584],[38.435377,53.922517],[38.433062,53.927298],[38.426335,53.930195],[38.427429,53.936599],[38.421099,53.93677],[38.415423,53.938943],[38.41453,53.942923],[38.407453,53.955534],[38.385801,53.962322],[38.370373,53.960668],[38.368463,53.968362],[38.365767,53.968214],[38.365757,53.9692],[38.369406,53.970698],[38.368418,53.971624],[38.369861,53.972707],[38.373587,53.973502],[38.370818,53.974771],[38.38508,53.981585],[38.382449,53.984184],[38.389482,53.988424],[38.387056,53.989406],[38.388915,53.991232],[38.389958,53.995961],[38.398687,53.994595],[38.401946,53.996202],[38.400396,53.997783],[38.404842,53.997781],[38.399496,54.002908],[38.40069,54.004024],[38.407449,54.005778],[38.412944,54.002941],[38.414846,54.004217],[38.40222,54.010059],[38.399538,54.016528],[38.402127,54.016541],[38.403379,54.019598],[38.400108,54.02187],[38.39995,54.023387],[38.403764,54.027038],[38.405908,54.028643],[38.418577,54.030565],[38.431054,54.031002],[38.431049,54.031994],[38.437765,54.03406],[38.447029,54.032826],[38.446664,54.037569],[38.435426,54.036959],[38.435276,54.035346],[38.424516,54.035391],[38.42419,54.040008],[38.420929,54.039496],[38.409216,54.042075],[38.413572,54.04755],[38.409763,54.049104],[38.407315,54.046818],[38.402108,54.048303],[38.401292,54.047202],[38.393825,54.046258],[38.397569,54.046062],[38.398295,54.044147],[38.401324,54.043454],[38.395665,54.040092],[38.38859,54.042416],[38.380427,54.041604],[38.383612,54.038926],[38.381346,54.037667],[38.37752,54.040432],[38.376404,54.039819],[38.385309,54.030882],[38.372405,54.025441],[38.368926,54.027853],[38.36524,54.028283],[38.366682,54.024635],[38.363457,54.023123],[38.355672,54.020029],[38.34263,54.018487],[38.341942,54.014072],[38.336966,54.010722],[38.324732,54.005828],[38.3255,54.005481],[38.320225,54.001524],[38.321286,54.000541],[38.319765,53.999631],[38.320647,53.998899],[38.319413,53.999406],[38.314905,53.996941],[38.312754,53.992051],[38.303201,53.986276],[38.307078,53.983671],[38.30735,53.979222],[38.298453,53.981243],[38.283927,53.97515],[38.284538,53.974116],[38.277349,53.970131],[38.280527,53.967891],[38.284251,53.969085],[38.289747,53.964522],[38.29007,53.962016],[38.269248,53.96064],[38.269378,53.951174],[38.256067,53.948881],[38.257034,53.94588],[38.261274,53.944615],[38.262479,53.942917],[38.25934,53.939001],[38.259411,53.93618],[38.267037,53.933232],[38.26114,53.932107],[38.258789,53.933294],[38.244894,53.932248],[38.24402,53.928432],[38.248979,53.926895],[38.24964,53.925003],[38.254789,53.924654],[38.25528,53.923701],[38.263216,53.925758],[38.263189,53.924089],[38.266556,53.923856],[38.27329,53.919197],[38.272,53.916353],[38.270254,53.915868],[38.259195,53.917038],[38.262274,53.914545],[38.262666,53.910936],[38.252866,53.911192],[38.253041,53.912403],[38.250101,53.914374],[38.246078,53.909774],[38.248063,53.9088],[38.24688,53.906948],[38.25361,53.905741]]]}},{"type":"Feature","properties":{"osm_relation_id":1748974,"name":"Дубенский муниципальный округ","admin_level":6,"center":[36.9598,54.1486],"area_km2":794.95,"source":"OpenStreetMap contributors (ODbL), Overpass API","fetched_at":"2026-09-13"},"geometry":{"type":"Polygon","coordinates":[[[37.180299,54.274542],[37.18184,54.26751],[37.188194,54.258499],[37.178958,54.255284],[37.17234,54.25114],[37.162874,54.250807],[37.153194,54.245932],[37.153145,54.242678],[37.175961,54.222984],[37.178301,54.222336],[37.224722,54.227109],[37.222594,54.225735],[37.222985,54.224061],[37.226535,54.22297],[37.228457,54.218318],[37.221105,54.212746],[37.221558,54.209354],[37.217796,54.20803],[37.215132,54.192549],[37.217168,54.192226],[37.219972,54.194481],[37.2234,54.193481],[37.228507,54.195178],[37.240499,54.195748],[37.245288,54.194466],[37.247126,54.195174],[37.247559,54.197004],[37.254837,54.19458],[37.254412,54.19202],[37.249163,54.191548],[37.243689,54.18832],[37.236142,54.189099],[37.236784,54.183621],[37.243334,54.178708],[37.242428,54.177484],[37.237987,54.17695],[37.232046,54.179013],[37.224068,54.176281],[37.22149,54.167186],[37.21096,54.166786],[37.209663,54.165424],[37.211573,54.162891],[37.21356,54.162547],[37.215304,54.163988],[37.220285,54.16247],[37.220232,54.158604],[37.223221,54.157604],[37.223476,54.155992],[37.225796,54.156073],[37.226185,54.153353],[37.231096,54.147847],[37.243333,54.148058],[37.243656,54.145688],[37.239102,54.144309],[37.239782,54.141319],[37.23829,54.139034],[37.236406,54.138682],[37.236563,54.137608],[37.241536,54.132548],[37.244651,54.121567],[37.246483,54.120217],[37.251403,54.121873],[37.25334,54.121152],[37.25708,54.11594],[37.253374,54.114545],[37.255725,54.111172],[37.246849,54.110659],[37.241327,54.104736],[37.234482,54.105335],[37.233893,54.104429],[37.235385,54.103339],[37.233789,54.100761],[37.231302,54.099764],[37.234521,54.094392],[37.24117,54.091997],[37.239887,54.089771],[37.241902,54.088574],[37.24151,54.086424],[37.240254,54.085672],[37.237924,54.087453],[37.233736,54.087192],[37.22824,54.088819],[37.222929,54.087784],[37.221134,54.084754],[37.218163,54.083508],[37.223136,54.077335],[37.22256,54.074939],[37.221435,54.072359],[37.21641,54.070916],[37.216776,54.07001],[37.192502,54.068832],[37.179479,54.070617],[37.181845,54.06778],[37.177389,54.066838],[37.146255,54.068043],[37.143135,54.063573],[37.145257,54.060507],[37.12704,54.059089],[37.10946,54.052001],[37.096484,54.053064],[37.087968,54.050815],[37.077103,54.051907],[37.06405,54.055504],[37.058408,54.051647],[37.055534,54.051962],[37.02661,54.042217],[37.012222,54.033124],[37.013663,54.027635],[37.018937,54.022842],[37.014745,54.020308],[36.991302,54.015007],[36.978662,54.009301],[36.977453,54.004632],[36.965473,54.000204],[36.955315,54.002567],[36.924452,54.002883],[36.913721,54.002275],[36.908135,53.999219],[36.900734,54.003739],[36.871978,54.004924],[36.861856,54.006435],[36.853754,54.010517],[36.848019,54.010414],[36.829541,54.014776],[36.828843,54.018703],[36.823353,54.021689],[36.824725,54.024637],[36.817252,54.029114],[36.817351,54.030688],[36.814288,54.031571],[36.811772,54.037084],[36.809582,54.037969],[36.810327,54.040498],[36.805747,54.040836],[36.804982,54.045578],[36.800953,54.047642],[36.800953,54.049945],[36.8075,54.053127],[36.807864,54.057797],[36.796149,54.063551],[36.795118,54.068861],[36.795875,54.073939],[36.791331,54.076455],[36.789865,54.079718],[36.791188,54.082266],[36.783739,54.086305],[36.783947,54.0915],[36.780716,54.095439],[36.780842,54.098331],[36.773267,54.10719],[36.767585,54.110636],[36.762426,54.111315],[36.763757,54.111884],[36.765787,54.117605],[36.76305,54.121736],[36.759643,54.123047],[36.75601,54.122592],[36.751379,54.11995],[36.753468,54.118272],[36.750642,54.113361],[36.74096,54.113874],[36.741503,54.11544],[36.72923,54.124096],[36.743512,54.128164],[36.719142,54.137326],[36.712041,54.141433],[36.703414,54.14004],[36.696952,54.140442],[36.68647,54.138175],[36.682118,54.14004],[36.678465,54.136823],[36.672683,54.135035],[36.672744,54.138956],[36.666152,54.138963],[36.665879,54.142677],[36.667778,54.144782],[36.664226,54.147146],[36.665809,54.148728],[36.662474,54.150761],[36.672473,54.152725],[36.674899,54.154575],[36.688958,54.158747],[36.690433,54.159664],[36.691704,54.166162],[36.695574,54.172368],[36.715289,54.177287],[36.731359,54.16702],[36.737803,54.16694],[36.738241,54.171624],[36.732549,54.173391],[36.732088,54.174887],[36.74102,54.176288],[36.739524,54.180976],[36.742172,54.182997],[36.750385,54.181615],[36.750575,54.179285],[36.754261,54.178079],[36.773894,54.177586],[36.78366,54.179002],[36.787139,54.177796],[36.802749,54.184286],[36.80283,54.186171],[36.797795,54.18978],[36.797468,54.191244],[36.800056,54.19487],[36.799033,54.199102],[36.795028,54.201012],[36.788902,54.207322],[36.78977,54.210746],[36.799528,54.217182],[36.807822,54.220225],[36.809047,54.222351],[36.82043,54.2143],[36.823785,54.21554],[36.8284,54.214142],[36.837585,54.217467],[36.857914,54.216294],[36.85786,54.21772],[36.828694,54.227482],[36.822839,54.240663],[36.813189,54.246397],[36.811509,54.251433],[36.826254,54.262391],[36.826797,54.26657],[36.82826,54.26733],[36.821809,54.2723],[36.821972,54.276225],[36.818867,54.27894],[36.833897,54.279549],[36.836366,54.282912],[36.840754,54.285682],[36.840508,54.286994],[36.845444,54.288083],[36.849709,54.284612],[36.86511,54.28653],[36.871665,54.282351],[36.884255,54.279213],[36.891825,54.286082],[36.902001,54.289604],[36.906197,54.28898],[36.926247,54.291733],[36.936408,54.289067],[36.945446,54.289428],[36.95148,54.291653],[36.958474,54.290613],[36.963024,54.292902],[36.971292,54.29036],[36.978032,54.290421],[36.985582,54.286621],[36.993755,54.286502],[37.010081,54.288714],[37.013463,54.284097],[37.01984,54.286155],[37.030794,54.283123],[37.029787,54.280379],[37.045339,54.275827],[37.050269,54.271904],[37.058479,54.275589],[37.057764,54.279414],[37.064233,54.286434],[37.065445,54.289687],[37.073967,54.297626],[37.077527,54.297965],[37.104066,54.288531],[37.111997,54.287602],[37.111844,54.285248],[37.113111,54.28397],[37.120044,54.281675],[37.120798,54.274366],[37.125355,54.274435],[37.137184,54.27862],[37.163704,54.27772],[37.177831,54.273698],[37.180299,54.274542]]]}},{"type":"Feature","properties":{"osm_relation_id":1748975,"name":"Ефремовский муниципальный округ","admin_level":6,"center":[38.2449,53.1652],"area_km2":1640.03,"source":"OpenStreetMap contributors (ODbL), Overpass API","fetched_at":"2026-09-13"},"geometry":{"type":"Polygon","coordinates":[[[37.866469,53.012217],[37.889671,53.013689],[37.899965,53.024081],[37.91186,53.032074],[37.925037,53.055766],[37.983985,53.05072],[37.985281,53.055136],[38.006204,53.052263],[38.004592,53.044903],[38.042653,53.043572],[38.096484,53.048689],[38.122278,53.054437],[38.124451,53.04862],[38.131951,53.039858],[38.131671,53.037124],[38.124311,53.030816],[38.126905,53.028082],[38.132302,53.027872],[38.147231,53.04112],[38.156273,53.04098],[38.167629,53.027732],[38.185854,53.019602],[38.189288,53.019532],[38.193108,53.021284],[38.199416,53.018481],[38.203482,53.014766],[38.203482,53.01049],[38.217536,53.007897],[38.222092,53.001869],[38.226298,53.001799],[38.230822,52.994523],[38.246695,53.00236],[38.246344,53.006355],[38.257699,53.012944],[38.266079,53.019734],[38.27464,53.011524],[38.307399,53.002501],[38.307922,52.978249],[38.320013,52.976287],[38.326953,52.946357],[38.344091,52.956731],[38.361859,52.958133],[38.371741,52.980213],[38.372407,52.985329],[38.370654,52.989955],[38.383516,52.991147],[38.392558,52.990096],[38.414743,52.991218],[38.411729,52.993601],[38.441588,53.00054],[38.464473,53.010354],[38.464332,53.01491],[38.467696,53.028438],[38.470956,53.031942],[38.482731,53.039373],[38.492193,53.036499],[38.492334,53.033204],[38.499624,53.025915],[38.498643,53.025214],[38.501166,53.019607],[38.505372,53.015121],[38.519951,53.019677],[38.529589,53.012458],[38.528888,53.010845],[38.531972,53.008182],[38.532183,53.005659],[38.534846,53.004607],[38.531272,53.002925],[38.529519,52.997458],[38.52952,52.992201],[38.536809,52.9915],[38.535208,52.989316],[38.546587,52.990168],[38.546657,52.993673],[38.554999,52.99164],[38.565863,52.99108],[38.562428,52.995636],[38.556188,53.034327],[38.568525,53.030332],[38.571854,53.027668],[38.578653,53.026477],[38.585733,53.026898],[38.589588,53.02837],[38.590569,53.030472],[38.588256,53.035869],[38.602554,53.043019],[38.610405,53.042318],[38.62558,53.044491],[38.633851,53.040707],[38.637916,53.043931],[38.638477,53.049538],[38.636444,53.051641],[38.623757,53.055987],[38.622915,53.062365],[38.616309,53.0692],[38.639947,53.078277],[38.640929,53.082763],[38.64615,53.087108],[38.646711,53.092576],[38.650511,53.095808],[38.650706,53.102249],[38.656243,53.107435],[38.658836,53.112763],[38.655471,53.116898],[38.655541,53.11858],[38.671049,53.129568],[38.668613,53.137576],[38.665495,53.140041],[38.655015,53.142342],[38.639595,53.139047],[38.637772,53.140729],[38.637632,53.145075],[38.635283,53.146757],[38.633881,53.151173],[38.629465,53.155238],[38.627398,53.159514],[38.617655,53.161476],[38.613098,53.16379],[38.583309,53.160284],[38.581907,53.169116],[38.579173,53.174373],[38.580855,53.176686],[38.580925,53.181382],[38.57756,53.188462],[38.608331,53.189934],[38.608541,53.197785],[38.612992,53.200098],[38.618529,53.201079],[38.624066,53.198836],[38.626449,53.210962],[38.636893,53.211593],[38.643444,53.215751],[38.611308,53.233041],[38.621401,53.236686],[38.625536,53.249583],[38.616705,53.249303],[38.604789,53.251055],[38.595221,53.25484],[38.597534,53.256172],[38.582534,53.263321],[38.569707,53.255891],[38.564169,53.261498],[38.564519,53.278811],[38.55001,53.279652],[38.567743,53.293881],[38.528911,53.302222],[38.520294,53.299817],[38.518353,53.297451],[38.50058,53.30288],[38.467037,53.309808],[38.46358,53.323939],[38.459647,53.323528],[38.457071,53.319587],[38.454462,53.318396],[38.441332,53.318728],[38.43676,53.317135],[38.434187,53.313193],[38.430849,53.3175],[38.439907,53.327367],[38.430681,53.330074],[38.430608,53.335575],[38.43449,53.339916],[38.448624,53.363953],[38.44729,53.365518],[38.441362,53.36667],[38.438093,53.365476],[38.423191,53.350079],[38.416026,53.345722],[38.409487,53.343725],[38.401592,53.344864],[38.375322,53.345123],[38.371359,53.346674],[38.364019,53.354494],[38.351469,53.359142],[38.338284,53.362213],[38.308369,53.384049],[38.303112,53.384019],[38.301131,53.380797],[38.29378,53.376319],[38.294249,53.373557],[38.296752,53.369134],[38.299724,53.369041],[38.313425,53.361443],[38.303477,53.358886],[38.287774,53.359651],[38.259402,53.322018],[38.230987,53.326536],[38.22911,53.328461],[38.206119,53.337296],[38.203084,53.341405],[38.172835,53.335541],[38.164577,53.332589],[38.152471,53.338622],[38.135986,53.339332],[38.129949,53.341704],[38.126039,53.340808],[38.126977,53.345775],[38.124631,53.353693],[38.109929,53.353823],[38.107645,53.357781],[38.101733,53.355354],[38.103735,53.352796],[38.091817,53.359966],[38.086124,53.361496],[38.079461,53.359854],[38.075989,53.356773],[38.075206,53.349323],[38.07774,53.344431],[38.075769,53.343198],[38.062694,53.342601],[38.062068,53.340826],[38.059722,53.344711],[38.056531,53.344767],[38.053466,53.347363],[38.049837,53.345346],[38.040015,53.345047],[38.03476,53.342638],[38.032382,53.337072],[38.028284,53.336306],[38.029192,53.334401],[38.02672,53.331898],[38.019369,53.333206],[38.016961,53.330385],[38.012331,53.319231],[38.00839,53.319063],[38.000694,53.315848],[37.985147,53.313397],[37.974566,53.30883],[37.948411,53.305249],[37.954167,53.298803],[37.950849,53.291439],[37.944699,53.285517],[37.944386,53.284047],[37.950216,53.274458],[37.9403,53.261863],[37.939084,53.254517],[37.940189,53.252222],[37.937488,53.248426],[37.942779,53.246377],[37.940751,53.243635],[37.931732,53.241039],[37.927527,53.227589],[37.930868,53.219656],[37.941649,53.221429],[37.957962,53.211094],[37.96818,53.207201],[37.979653,53.198906],[37.976294,53.181164],[37.975409,53.179884],[37.968448,53.178834],[37.966879,53.175805],[37.95885,53.181128],[37.950528,53.182816],[37.933193,53.18271],[37.921127,53.175045],[37.920008,53.174176],[37.920738,53.17135],[37.927189,53.163842],[37.915841,53.161594],[37.915337,53.159926],[37.907507,53.159953],[37.909461,53.152037],[37.897309,53.149881],[37.890314,53.146222],[37.890665,53.144513],[37.896667,53.139283],[37.894917,53.134568],[37.899179,53.132686],[37.896442,53.131388],[37.884349,53.118832],[37.88824,53.116564],[37.887271,53.113621],[37.881036,53.112305],[37.87364,53.107974],[37.874372,53.104601],[37.882394,53.096639],[37.881217,53.095381],[37.862123,53.08991],[37.86182,53.088231],[37.864649,53.083876],[37.860566,53.082979],[37.851005,53.083946],[37.842511,53.081338],[37.837292,53.081287],[37.822624,53.076884],[37.818686,53.072036],[37.833129,53.045426],[37.831532,53.038894],[37.845237,53.015455],[37.856313,53.011406],[37.866469,53.012217]]]}},{"type":"Feature","properties":{"osm_relation_id":1748976,"name":"городской округ Славный","admin_level":6,"center":[36.5144,53.5355],"area_km2":26.45,"source":"OpenStreetMap contributors (ODbL), Overpass API","fetched_at":"2026-09-13"},"geometry":{"type":"Polygon","coordinates":[[[36.549642,53.544597],[36.543768,53.542444],[36.509603,53.550995],[36.507705,53.555675],[36.498051,53.55524],[36.504676,53.563512],[36.490903,53.564603],[36.486475,53.559278],[36.458822,53.558668],[36.459066,53.547945],[36.468976,53.532438],[36.478864,53.530226],[36.484678,53.524819],[36.485647,53.516753],[36.501845,53.518563],[36.517905,53.513954],[36.565714,53.506333],[36.569377,53.511133],[36.570026,53.515716],[36.565107,53.525716],[36.565557,53.52835],[36.558648,53.538547],[36.554733,53.540176],[36.549642,53.544597]]]}},{"type":"Feature","properties":{"osm_relation_id":1748977,"name":"Заокский район","admin_level":6,"center":[37.4834,54.668],"area_km2":914.49,"source":"OpenStreetMap contributors (ODbL), Overpass API","fetched_at":"2026-09-13"},"geometry":{"type":"Polygon","coordinates":[[[37.240133,54.817674],[37.254824,54.827556],[37.268709,54.841802],[37.27586,54.835667],[37.271625,54.835263],[37.269691,54.833805],[37.2706,54.830778],[37.294629,54.826633],[37.298694,54.829682],[37.297329,54.834722],[37.298232,54.834741],[37.297206,54.841416],[37.298036,54.842102],[37.29524,54.846179],[37.300039,54.850015],[37.303605,54.850802],[37.308906,54.848404],[37.307747,54.847117],[37.310958,54.846248],[37.313726,54.842689],[37.309359,54.842783],[37.308479,54.84137],[37.311119,54.84025],[37.321163,54.838204],[37.326773,54.839153],[37.332326,54.84541],[37.334343,54.846043],[37.339265,54.840664],[37.353845,54.835583],[37.355907,54.833734],[37.358095,54.834569],[37.35889,54.848822],[37.370224,54.851836],[37.374057,54.849411],[37.373485,54.846359],[37.375185,54.844804],[37.374761,54.843481],[37.376011,54.843377],[37.374539,54.840292],[37.376815,54.838292],[37.386392,54.839828],[37.390957,54.84235],[37.390586,54.843978],[37.411949,54.841015],[37.412532,54.842586],[37.416514,54.843587],[37.424137,54.840271],[37.437964,54.842377],[37.446295,54.841587],[37.446438,54.837995],[37.450369,54.835941],[37.456396,54.838866],[37.467501,54.823481],[37.468307,54.82177],[37.467194,54.819036],[37.472911,54.818607],[37.484634,54.820439],[37.493046,54.812211],[37.503987,54.807357],[37.498598,54.803685],[37.500092,54.798478],[37.497031,54.795605],[37.497114,54.793084],[37.502698,54.792423],[37.5094,54.789755],[37.513849,54.786193],[37.521789,54.783104],[37.51829,54.781602],[37.52351,54.781663],[37.526134,54.77949],[37.536977,54.780979],[37.544787,54.780428],[37.556287,54.760067],[37.556762,54.756807],[37.556036,54.754561],[37.55144,54.752396],[37.549183,54.748886],[37.547996,54.737604],[37.563783,54.731955],[37.565382,54.732737],[37.56627,54.735022],[37.564655,54.734859],[37.566385,54.737381],[37.564997,54.737839],[37.563038,54.742341],[37.572637,54.74165],[37.575588,54.744523],[37.578733,54.744544],[37.581244,54.741784],[37.600008,54.742613],[37.603037,54.746028],[37.611758,54.741372],[37.626515,54.743347],[37.627694,54.739927],[37.629987,54.737922],[37.634322,54.73757],[37.641339,54.733861],[37.640477,54.733554],[37.642958,54.733368],[37.643768,54.731166],[37.64406,54.732848],[37.67824,54.719037],[37.684708,54.714399],[37.693113,54.712794],[37.692423,54.707763],[37.70147,54.703696],[37.696387,54.698984],[37.705633,54.685328],[37.711405,54.683557],[37.718185,54.668985],[37.727896,54.664641],[37.736029,54.665909],[37.750118,54.661544],[37.759154,54.662295],[37.75374,54.655341],[37.74976,54.653296],[37.748115,54.647718],[37.752767,54.643645],[37.753046,54.640628],[37.750053,54.636393],[37.755171,54.630481],[37.752467,54.627219],[37.743141,54.621263],[37.740644,54.618009],[37.741813,54.614417],[37.747403,54.60808],[37.754327,54.607238],[37.752625,54.593222],[37.768267,54.586626],[37.764107,54.586003],[37.764837,54.583429],[37.771443,54.582063],[37.765111,54.57574],[37.761629,54.567521],[37.740402,54.565419],[37.738659,54.564026],[37.68686,54.565021],[37.685706,54.567702],[37.680289,54.568708],[37.66747,54.569135],[37.66579,54.567705],[37.659667,54.570014],[37.651762,54.566941],[37.651412,54.564548],[37.648322,54.562483],[37.639356,54.565846],[37.630748,54.565925],[37.633817,54.56094],[37.628753,54.562856],[37.62606,54.562826],[37.62356,54.56094],[37.605512,54.563913],[37.603882,54.563283],[37.607842,54.557766],[37.60987,54.551658],[37.607348,54.537941],[37.602231,54.537319],[37.601072,54.53585],[37.597013,54.536509],[37.594982,54.531606],[37.588756,54.531019],[37.587579,54.529072],[37.588402,54.526011],[37.586138,54.526387],[37.58064,54.524481],[37.589002,54.522371],[37.591209,54.520553],[37.590505,54.519008],[37.579733,54.513827],[37.575313,54.513278],[37.572359,54.514682],[37.57218,54.513378],[37.568227,54.513544],[37.568932,54.512334],[37.566987,54.51146],[37.568918,54.50999],[37.563073,54.509029],[37.555092,54.501167],[37.53814,54.506345],[37.533856,54.505679],[37.532783,54.503362],[37.52288,54.502197],[37.522875,54.507119],[37.520192,54.508964],[37.509934,54.506701],[37.513847,54.497269],[37.510553,54.495686],[37.506991,54.496907],[37.506042,54.495914],[37.509425,54.492722],[37.508841,54.48989],[37.507264,54.489038],[37.494546,54.490676],[37.497207,54.491898],[37.496576,54.495044],[37.482787,54.492919],[37.479826,54.494116],[37.47767,54.492383],[37.473979,54.491988],[37.473534,54.490445],[37.467209,54.489754],[37.463778,54.491729],[37.457853,54.491673],[37.45704,54.493069],[37.449739,54.490108],[37.450118,54.487788],[37.444234,54.484081],[37.435924,54.486663],[37.435752,54.488333],[37.434078,54.488283],[37.433091,54.489978],[37.438838,54.487968],[37.442876,54.493767],[37.442618,54.50234],[37.432791,54.50533],[37.42734,54.505281],[37.427704,54.506175],[37.414371,54.506668],[37.414392,54.49302],[37.408892,54.491331],[37.388928,54.499914],[37.378316,54.498176],[37.375249,54.499128],[37.373976,54.492951],[37.376008,54.491152],[37.35967,54.490896],[37.357079,54.486819],[37.348196,54.48528],[37.34681,54.489791],[37.341295,54.495711],[37.338034,54.496309],[37.336188,54.495287],[37.333656,54.496658],[37.333952,54.499277],[37.337948,54.500696],[37.338588,54.502682],[37.337068,54.504085],[37.3237,54.504284],[37.323686,54.50628],[37.32166,54.50728],[37.31533,54.506402],[37.317167,54.510747],[37.321426,54.514352],[37.322231,54.516591],[37.291197,54.515401],[37.289432,54.515595],[37.28561,54.519357],[37.268433,54.517347],[37.264304,54.523381],[37.277609,54.52714],[37.276932,54.528047],[37.283796,54.532601],[37.291837,54.540426],[37.302949,54.541851],[37.302971,54.544873],[37.311013,54.546453],[37.31619,54.548937],[37.318883,54.546483],[37.319065,54.544744],[37.322079,54.544917],[37.326876,54.548577],[37.329945,54.549069],[37.32548,54.555657],[37.32535,54.560073],[37.332304,54.564048],[37.334195,54.563102],[37.335931,54.559528],[37.340502,54.557823],[37.344111,54.561103],[37.337046,54.567142],[37.339321,54.569854],[37.344256,54.569431],[37.345172,54.570336],[37.340962,54.573021],[37.339939,54.575486],[37.336746,54.575004],[37.314115,54.583013],[37.306356,54.582818],[37.305075,54.586619],[37.305509,54.588436],[37.312542,54.588459],[37.313314,54.592736],[37.315932,54.594228],[37.32164,54.593855],[37.32163,54.597794],[37.327219,54.599076],[37.32942,54.602683],[37.339664,54.60544],[37.345657,54.605084],[37.347314,54.606689],[37.344296,54.611419],[37.33945,54.61046],[37.332445,54.621009],[37.311894,54.61662],[37.306237,54.622844],[37.299082,54.616688],[37.296379,54.616887],[37.29419,54.617334],[37.291878,54.620268],[37.281256,54.622272],[37.278818,54.624693],[37.274139,54.626391],[37.269557,54.623347],[37.267319,54.624204],[37.263506,54.622179],[37.26106,54.622974],[37.258399,54.621359],[37.253255,54.621412],[37.253549,54.623745],[37.252192,54.62547],[37.254536,54.627136],[37.252133,54.629123],[37.26166,54.631049],[37.261124,54.632601],[37.257261,54.633955],[37.253142,54.631819],[37.249601,54.631806],[37.244291,54.633859],[37.24488,54.635942],[37.24763,54.638503],[37.253985,54.641159],[37.256474,54.643841],[37.261883,54.645979],[37.253755,54.651127],[37.251479,54.660598],[37.249506,54.661726],[37.248363,54.660575],[37.246003,54.660923],[37.245703,54.662487],[37.236219,54.665537],[37.232785,54.66487],[37.225864,54.667904],[37.226983,54.669934],[37.209384,54.673839],[37.229891,54.696522],[37.241941,54.704935],[37.246042,54.709282],[37.243221,54.713214],[37.233128,54.717954],[37.206921,54.72214],[37.20781,54.723775],[37.198243,54.728415],[37.195405,54.732825],[37.196827,54.735545],[37.210352,54.741212],[37.206111,54.744999],[37.237046,54.753696],[37.241509,54.757064],[37.243652,54.7645],[37.242196,54.77192],[37.236578,54.785391],[37.230207,54.795691],[37.22846,54.801596],[37.230022,54.805791],[37.240133,54.817674]]]}},{"type":"Feature","properties":{"osm_relation_id":1748978,"name":"Каменский район","admin_level":6,"center":[37.7191,53.2411],"area_km2":792.41,"source":"OpenStreetMap contributors (ODbL), Overpass API","fetched_at":"2026-09-13"},"geometry":{"type":"Polygon","coordinates":[[[37.478567,53.361781],[37.486206,53.360947],[37.500157,53.356873],[37.497565,53.353161],[37.496835,53.347515],[37.492713,53.345677],[37.489446,53.341339],[37.484438,53.328556],[37.460303,53.331349],[37.458359,53.318067],[37.464873,53.311896],[37.468204,53.300494],[37.465684,53.296837],[37.468192,53.28391],[37.466105,53.279236],[37.453094,53.273506],[37.462183,53.272395],[37.466324,53.269971],[37.468243,53.267043],[37.470464,53.268659],[37.473696,53.268356],[37.473898,53.265023],[37.475918,53.264215],[37.482179,53.268507],[37.484603,53.2678],[37.490562,53.265377],[37.49349,53.262751],[37.492885,53.261438],[37.4945,53.261135],[37.494904,53.26568],[37.504498,53.264064],[37.509952,53.265377],[37.514698,53.263963],[37.52096,53.264367],[37.524898,53.26669],[37.535098,53.265681],[37.536815,53.266488],[37.536815,53.26871],[37.535401,53.26871],[37.534694,53.270528],[37.538229,53.271841],[37.546813,53.270932],[37.551256,53.272952],[37.550044,53.274063],[37.581654,53.278608],[37.590463,53.278939],[37.591147,53.2778],[37.590945,53.273256],[37.586502,53.271943],[37.583775,53.261339],[37.575899,53.248715],[37.579434,53.241545],[37.575192,53.238313],[37.57701,53.234677],[37.578122,53.214681],[37.572474,53.192548],[37.572177,53.180551],[37.573019,53.176849],[37.580952,53.167216],[37.582669,53.157975],[37.588123,53.14929],[37.596808,53.138535],[37.604686,53.132677],[37.608523,53.12783],[37.609433,53.12268],[37.608828,53.101472],[37.609805,53.098542],[37.620139,53.098543],[37.640135,53.095766],[37.648876,53.096258],[37.652725,53.105177],[37.679015,53.107583],[37.684368,53.109603],[37.691942,53.115561],[37.70295,53.118187],[37.730973,53.127954],[37.734686,53.127499],[37.736332,53.122346],[37.739616,53.119727],[37.751846,53.116429],[37.754758,53.11233],[37.750954,53.107442],[37.752484,53.104933],[37.760832,53.099325],[37.787782,53.094456],[37.794144,53.094557],[37.808485,53.089406],[37.824341,53.086377],[37.825755,53.083751],[37.831107,53.079611],[37.851005,53.083946],[37.860566,53.082979],[37.864649,53.083876],[37.86182,53.088231],[37.862123,53.08991],[37.881217,53.095381],[37.882394,53.096639],[37.874372,53.104601],[37.87364,53.107974],[37.881036,53.112305],[37.887271,53.113621],[37.88824,53.116564],[37.884349,53.118832],[37.896442,53.131388],[37.899179,53.132686],[37.894917,53.134568],[37.896667,53.139283],[37.890665,53.144513],[37.890314,53.146222],[37.897309,53.149881],[37.909461,53.152037],[37.907507,53.159953],[37.915337,53.159926],[37.915841,53.161594],[37.927189,53.163842],[37.920738,53.17135],[37.920008,53.174176],[37.933193,53.18271],[37.950528,53.182816],[37.95885,53.181128],[37.966879,53.175805],[37.968448,53.178834],[37.975409,53.179884],[37.976294,53.181164],[37.979653,53.198906],[37.96818,53.207201],[37.957962,53.211094],[37.941649,53.221429],[37.930868,53.219656],[37.927527,53.227589],[37.931732,53.241039],[37.940751,53.243635],[37.942779,53.246377],[37.937488,53.248426],[37.940189,53.252222],[37.939084,53.254517],[37.9403,53.261863],[37.950216,53.274458],[37.944386,53.284047],[37.944699,53.285517],[37.950849,53.291439],[37.954167,53.298803],[37.948411,53.305249],[37.974566,53.30883],[37.985147,53.313397],[37.980451,53.31582],[37.949858,53.325209],[37.941881,53.325639],[37.937095,53.323471],[37.935531,53.321435],[37.932309,53.321659],[37.927116,53.318501],[37.907691,53.328516],[37.907284,53.330739],[37.904437,53.332868],[37.898963,53.334083],[37.90109,53.336324],[37.897462,53.340433],[37.903718,53.343627],[37.89987,53.348015],[37.901278,53.352795],[37.900121,53.355503],[37.900183,53.361477],[37.895898,53.363941],[37.88986,53.37081],[37.890517,53.373105],[37.882103,53.380681],[37.873907,53.379655],[37.863052,53.380887],[37.858172,53.378256],[37.856483,53.378629],[37.847975,53.384898],[37.842,53.391764],[37.833523,53.391801],[37.830488,53.398684],[37.816818,53.402675],[37.814441,53.402376],[37.800463,53.397223],[37.797545,53.39295],[37.799235,53.390965],[37.797187,53.389408],[37.797187,53.386996],[37.798927,53.386904],[37.79688,53.385561],[37.796368,53.382782],[37.792323,53.380339],[37.792118,53.378598],[37.78664,53.373559],[37.783057,53.372184],[37.778295,53.375758],[37.776401,53.37585],[37.753363,53.365464],[37.723618,53.355657],[37.708362,53.3669],[37.710768,53.368611],[37.70273,53.372582],[37.698788,53.373712],[37.69674,53.372734],[37.698686,53.370993],[37.691774,53.368885],[37.687166,53.370535],[37.677142,53.38895],[37.643035,53.379606],[37.626909,53.377438],[37.622301,53.372368],[37.616106,53.372245],[37.608785,53.385805],[37.606789,53.386691],[37.596856,53.385805],[37.591174,53.381133],[37.590764,53.378293],[37.592658,53.375605],[37.576378,53.362898],[37.57433,53.36299],[37.558306,53.371848],[37.557896,53.377163],[37.563425,53.380278],[37.556002,53.381499],[37.537213,53.387973],[37.534295,53.387881],[37.519858,53.396521],[37.515403,53.395239],[37.513048,53.390232],[37.503014,53.385622],[37.490471,53.38266],[37.485198,53.379179],[37.487502,53.373895],[37.478567,53.361781]]]}},{"type":"Feature","properties":{"osm_relation_id":1748979,"name":"Кимовский район","admin_level":6,"center":[38.6755,53.8399],"area_km2":1119.17,"source":"OpenStreetMap contributors (ODbL), Overpass API","fetched_at":"2026-09-13"},"geometry":{"type":"Polygon","coordinates":[[[38.735352,53.614395],[38.749901,53.614274],[38.750282,53.620752],[38.760467,53.620722],[38.759418,53.62598],[38.802704,53.62947],[38.840333,53.630225],[38.861492,53.633048],[38.875233,53.637795],[38.889636,53.646458],[38.897928,53.648966],[38.917227,53.658101],[38.913852,53.666058],[38.915217,53.669586],[38.912242,53.674519],[38.908012,53.677143],[38.910041,53.681773],[38.915403,53.680691],[38.920858,53.682384],[38.918715,53.703454],[38.927064,53.718247],[38.949852,53.725429],[38.951545,53.73027],[38.943908,53.746006],[38.921417,53.766263],[38.925125,53.771809],[38.893868,53.767691],[38.887774,53.763883],[38.867294,53.764496],[38.855917,53.759563],[38.854927,53.756165],[38.852576,53.754459],[38.850465,53.758153],[38.835355,53.770167],[38.81556,53.780902],[38.821401,53.784601],[38.8356,53.786895],[38.841822,53.790276],[38.849317,53.800291],[38.849429,53.812366],[38.842726,53.815032],[38.841233,53.817865],[38.838302,53.819868],[38.828586,53.820916],[38.823795,53.820383],[38.815918,53.81547],[38.801965,53.815898],[38.798823,53.814505],[38.793919,53.816869],[38.789721,53.826646],[38.793304,53.828851],[38.793627,53.83103],[38.817124,53.829251],[38.826964,53.843685],[38.830153,53.843624],[38.834437,53.845554],[38.83829,53.843795],[38.84276,53.844943],[38.845031,53.843587],[38.847519,53.844181],[38.849802,53.842329],[38.850201,53.844971],[38.852578,53.844612],[38.855257,53.847622],[38.853811,53.853978],[38.850609,53.855227],[38.849137,53.857906],[38.840693,53.860881],[38.834232,53.866248],[38.825907,53.866321],[38.824168,53.870192],[38.793959,53.880836],[38.793453,53.895858],[38.797756,53.910248],[38.845177,53.900071],[38.859048,53.918442],[38.863443,53.919483],[38.888066,53.919304],[38.889969,53.931342],[38.881074,53.935887],[38.87531,53.947377],[38.852838,53.948061],[38.849753,53.945975],[38.836644,53.942493],[38.835858,53.939641],[38.821535,53.939129],[38.821904,53.942137],[38.81971,53.944973],[38.813877,53.945119],[38.801793,53.955135],[38.796589,53.955427],[38.79422,53.961151],[38.790713,53.964841],[38.779322,53.969458],[38.781365,53.974965],[38.778243,53.97847],[38.78166,53.980041],[38.783887,53.979358],[38.785981,53.981996],[38.785644,53.984882],[38.781827,53.98587],[38.783098,53.989374],[38.780458,53.990045],[38.778574,53.992717],[38.783405,53.993726],[38.783557,53.995334],[38.786334,53.996057],[38.783822,53.996985],[38.784268,53.998665],[38.788371,53.997879],[38.787002,53.999588],[38.791226,53.999132],[38.799468,54.00388],[38.799783,54.008121],[38.801383,54.009189],[38.800225,54.010168],[38.80082,54.013235],[38.795828,54.016937],[38.79295,54.015945],[38.789633,54.018161],[38.791164,54.019258],[38.794014,54.01884],[38.795847,54.021009],[38.79483,54.021883],[38.791532,54.022202],[38.788314,54.02489],[38.786002,54.023519],[38.786269,54.022076],[38.783518,54.021524],[38.784366,54.020104],[38.7834,54.019545],[38.776932,54.021787],[38.777113,54.024439],[38.780348,54.027007],[38.778785,54.028797],[38.776177,54.029286],[38.777573,54.030293],[38.777785,54.033004],[38.774137,54.034416],[38.769784,54.033827],[38.766312,54.028885],[38.759723,54.028826],[38.754781,54.020589],[38.754781,54.017],[38.756134,54.015529],[38.769137,54.011057],[38.760312,54.002408],[38.750133,53.998289],[38.721745,53.992699],[38.71451,54.005719],[38.724863,54.007291],[38.742013,54.018882],[38.753368,54.03065],[38.752662,54.032533],[38.748426,54.032062],[38.745013,54.038004],[38.745483,54.039475],[38.751602,54.041299],[38.752014,54.042653],[38.746307,54.041829],[38.742483,54.044771],[38.743953,54.046653],[38.749955,54.046889],[38.750602,54.047948],[38.748425,54.050772],[38.743836,54.051949],[38.737128,54.055949],[38.73398,54.061774],[38.728626,54.065834],[38.710386,54.059656],[38.702443,54.062657],[38.702678,54.064186],[38.683032,54.062535],[38.678018,54.058994],[38.683081,54.055177],[38.678335,54.051153],[38.67451,54.043135],[38.664153,54.041963],[38.658341,54.039659],[38.653835,54.036214],[38.648646,54.036961],[38.644147,54.032754],[38.637042,54.030445],[38.633143,54.031958],[38.630525,54.035001],[38.631794,54.038055],[38.636312,54.039975],[38.631058,54.047967],[38.625223,54.04833],[38.623324,54.043367],[38.612293,54.045239],[38.603158,54.042944],[38.593076,54.043851],[38.585698,54.0482],[38.581166,54.047803],[38.581139,54.050472],[38.577892,54.051224],[38.572622,54.059594],[38.553137,54.063336],[38.544062,54.063302],[38.54019,54.061762],[38.538978,54.054131],[38.526018,54.054081],[38.509205,54.050963],[38.502186,54.041783],[38.498322,54.03986],[38.48922,54.042491],[38.468453,54.042525],[38.468462,54.037749],[38.462991,54.038568],[38.460965,54.038502],[38.460612,54.037264],[38.446664,54.037569],[38.447029,54.032826],[38.437765,54.03406],[38.431049,54.031994],[38.431054,54.031002],[38.418577,54.030565],[38.405908,54.028643],[38.403764,54.027038],[38.39995,54.023387],[38.400108,54.02187],[38.403379,54.019598],[38.402127,54.016541],[38.399538,54.016528],[38.40222,54.010059],[38.414846,54.004217],[38.412944,54.002941],[38.407449,54.005778],[38.399496,54.002908],[38.408295,53.992549],[38.408996,53.988739],[38.404549,53.982998],[38.409762,53.980354],[38.421422,53.979267],[38.430551,53.973972],[38.434898,53.967714],[38.438771,53.967259],[38.442536,53.963444],[38.446247,53.954265],[38.443166,53.947492],[38.441023,53.946124],[38.444229,53.944288],[38.445922,53.936674],[38.442187,53.932151],[38.447982,53.927532],[38.448678,53.923722],[38.442279,53.919117],[38.443632,53.914547],[38.448248,53.907323],[38.452798,53.905056],[38.457964,53.90508],[38.464358,53.910066],[38.467033,53.902832],[38.475513,53.896006],[38.476866,53.891055],[38.479477,53.888778],[38.48081,53.885352],[38.464096,53.882628],[38.467955,53.881101],[38.475145,53.873888],[38.475202,53.869312],[38.486829,53.868218],[38.492023,53.865571],[38.492063,53.859874],[38.514111,53.852316],[38.516735,53.848513],[38.533611,53.838666],[38.534332,53.831805],[38.538267,53.825719],[38.532767,53.819363],[38.528829,53.819775],[38.518709,53.815935],[38.520842,53.812143],[38.517862,53.806572],[38.51018,53.802346],[38.515995,53.800845],[38.517962,53.797802],[38.512214,53.793584],[38.511041,53.783665],[38.499931,53.776347],[38.489905,53.774425],[38.48802,53.770603],[38.492577,53.766428],[38.490692,53.762607],[38.475981,53.755298],[38.467713,53.747635],[38.445779,53.739368],[38.459319,53.743533],[38.463255,53.743388],[38.465728,53.741863],[38.468428,53.72011],[38.467235,53.689284],[38.465296,53.680726],[38.467172,53.679358],[38.483013,53.687632],[38.48589,53.68709],[38.484975,53.68283],[38.486937,53.681204],[38.525063,53.673012],[38.52557,53.675659],[38.52079,53.68076],[38.522055,53.685519],[38.531061,53.684536],[38.534366,53.682798],[38.534701,53.679444],[38.53123,53.676171],[38.575171,53.686395],[38.57857,53.685734],[38.589632,53.672987],[38.588489,53.664275],[38.592346,53.660125],[38.602313,53.655806],[38.603175,53.654015],[38.601806,53.649077],[38.595681,53.640553],[38.596232,53.633737],[38.636845,53.634674],[38.651022,53.627027],[38.658973,53.626431],[38.668025,53.630118],[38.695709,53.630691],[38.703631,53.633326],[38.709778,53.630278],[38.711859,53.627341],[38.735856,53.624317],[38.736819,53.621732],[38.735165,53.618349],[38.735352,53.614395]]]}},{"type":"Feature","properties":{"osm_relation_id":1748980,"name":"Киреевский район","admin_level":6,"center":[37.8791,54.022],"area_km2":925.43,"source":"OpenStreetMap contributors (ODbL), Overpass API","fetched_at":"2026-09-13"},"geometry":{"type":"Polygon","coordinates":[[[38.098893,54.091688],[38.08885,54.090216],[38.081104,54.091789],[38.072628,54.090128],[38.06735,54.096093],[38.042602,54.090959],[38.042738,54.094356],[38.039433,54.095766],[38.031378,54.095967],[38.032693,54.104827],[38.035323,54.11036],[38.034862,54.113129],[38.031348,54.114975],[38.033421,54.117401],[38.025497,54.119814],[38.022992,54.122014],[38.014762,54.121494],[38.010379,54.122651],[38.01899,54.13268],[38.020475,54.138928],[38.0171,54.138928],[38.01791,54.14304],[38.023715,54.146362],[38.023648,54.148418],[38.0198,54.153794],[38.005287,54.160435],[38.004544,54.162055],[37.991584,54.169524],[38.01683,54.178138],[38.03249,54.180745],[38.034313,54.194411],[38.028643,54.199466],[38.022809,54.202579],[38.034008,54.207322],[38.022934,54.215293],[38.006989,54.219971],[38.001072,54.218206],[38.000497,54.220616],[37.997471,54.221601],[37.994617,54.220754],[37.993834,54.219073],[37.988416,54.218665],[37.988384,54.220472],[37.976432,54.219487],[37.96713,54.221657],[37.965757,54.22246],[37.966776,54.223972],[37.964952,54.226117],[37.968911,54.229961],[37.963836,54.231868],[37.960414,54.231799],[37.959448,54.230457],[37.95601,54.231911],[37.955335,54.235975],[37.950677,54.236448],[37.951285,54.240709],[37.964043,54.247651],[37.962355,54.24844],[37.95817,54.248361],[37.955402,54.249899],[37.936299,54.248479],[37.936029,54.249623],[37.931506,54.24702],[37.929886,54.247809],[37.929886,54.249505],[37.931776,54.250136],[37.930412,54.250609],[37.945927,54.255094],[37.969531,54.250876],[37.969702,54.245686],[37.97614,54.244081],[37.981762,54.250876],[37.981461,54.253559],[37.976397,54.255414],[37.971719,54.254562],[37.970153,54.250989],[37.946099,54.255364],[37.930199,54.250955],[37.923655,54.254888],[37.920241,54.251642],[37.918248,54.251764],[37.917786,54.250475],[37.919035,54.250055],[37.917399,54.248985],[37.913217,54.252319],[37.910672,54.252324],[37.915491,54.26069],[37.911041,54.260214],[37.91058,54.257696],[37.911671,54.256143],[37.909307,54.25524],[37.908739,54.248906],[37.906375,54.247418],[37.902761,54.248574],[37.903329,54.246143],[37.905716,54.244696],[37.896602,54.244271],[37.89326,54.242996],[37.889896,54.243739],[37.888533,54.242185],[37.889487,54.23662],[37.886169,54.236182],[37.881896,54.237975],[37.880805,54.235942],[37.882987,54.234813],[37.878577,54.232515],[37.879827,54.230629],[37.878236,54.230708],[37.87827,54.229758],[37.880964,54.229273],[37.881691,54.227692],[37.879988,54.224499],[37.881549,54.22309],[37.88564,54.222731],[37.894756,54.218745],[37.898682,54.218563],[37.897607,54.216692],[37.899291,54.214258],[37.895835,54.215928],[37.894856,54.215696],[37.895561,54.213582],[37.884674,54.212998],[37.883016,54.214384],[37.870132,54.215398],[37.870547,54.219318],[37.864522,54.219913],[37.862369,54.218173],[37.862904,54.214751],[37.859986,54.214898],[37.860849,54.217556],[37.856778,54.217385],[37.853914,54.21898],[37.832957,54.215072],[37.833071,54.213624],[37.829366,54.21038],[37.830548,54.208294],[37.829662,54.206313],[37.826275,54.206898],[37.821547,54.204438],[37.821024,54.201607],[37.823002,54.199732],[37.822365,54.19573],[37.828184,54.190557],[37.82057,54.179584],[37.823888,54.1786],[37.823411,54.17542],[37.825616,54.172932],[37.821547,54.170072],[37.836571,54.168728],[37.84739,54.171802],[37.857687,54.164842],[37.860346,54.161236],[37.867006,54.160238],[37.863751,54.158742],[37.86563,54.157005],[37.865349,54.154883],[37.861061,54.155381],[37.860142,54.148021],[37.863074,54.143894],[37.872491,54.139038],[37.87201,54.136549],[37.865173,54.129235],[37.856551,54.126368],[37.852939,54.123496],[37.848909,54.123699],[37.848381,54.125458],[37.841057,54.125434],[37.83825,54.123433],[37.837334,54.121353],[37.838231,54.120083],[37.837298,54.119686],[37.823258,54.120002],[37.822093,54.121991],[37.827126,54.123443],[37.819196,54.125268],[37.815547,54.128977],[37.807913,54.130358],[37.806086,54.129391],[37.80629,54.127523],[37.799694,54.12634],[37.798468,54.123621],[37.792547,54.125273],[37.791834,54.12309],[37.79919,54.121578],[37.793018,54.116727],[37.788086,54.115244],[37.784222,54.115111],[37.776835,54.117589],[37.777085,54.119201],[37.774971,54.120693],[37.769925,54.120826],[37.76472,54.117509],[37.753833,54.117776],[37.745595,54.123771],[37.736954,54.119599],[37.733831,54.117103],[37.733846,54.115372],[37.742545,54.112926],[37.747174,54.109761],[37.747492,54.105849],[37.756296,54.103455],[37.757862,54.1009],[37.75582,54.099862],[37.750827,54.100554],[37.749012,54.098292],[37.754285,54.096191],[37.755172,54.092008],[37.749648,54.084719],[37.749746,54.079915],[37.752027,54.078079],[37.753068,54.071833],[37.749131,54.068841],[37.751111,54.067239],[37.750121,54.064414],[37.745118,54.061858],[37.745334,54.058102],[37.7525,54.057238],[37.744114,54.054738],[37.734718,54.048647],[37.723254,54.046403],[37.720296,54.043652],[37.724705,54.039252],[37.723411,54.035737],[37.707736,54.038766],[37.70707,54.03544],[37.705145,54.033571],[37.693337,54.028701],[37.684869,54.021095],[37.689046,54.020369],[37.688462,54.019234],[37.691146,54.016904],[37.692847,54.00988],[37.695605,54.007605],[37.706438,54.006358],[37.708792,54.004024],[37.712029,54.004959],[37.717469,54.004253],[37.715605,54.002051],[37.71256,54.001574],[37.711454,53.996467],[37.70768,53.990598],[37.698738,53.986575],[37.692935,53.989394],[37.686999,53.989629],[37.685204,53.988354],[37.686341,53.987066],[37.684962,53.985153],[37.682169,53.983133],[37.6775,53.983532],[37.67332,53.974498],[37.660788,53.969449],[37.654059,53.968602],[37.647978,53.965609],[37.645272,53.961751],[37.649068,53.958994],[37.652602,53.953655],[37.655105,53.953184],[37.66025,53.94425],[37.663162,53.943329],[37.661102,53.943449],[37.6595,53.94025],[37.659771,53.936445],[37.662114,53.934905],[37.660402,53.934193],[37.658417,53.928738],[37.670141,53.92684],[37.673542,53.922496],[37.673,53.92],[37.671,53.91825],[37.672678,53.916632],[37.67225,53.91475],[37.669161,53.913934],[37.668985,53.91276],[37.671022,53.911368],[37.685047,53.912371],[37.691241,53.910218],[37.69175,53.9085],[37.69475,53.90725],[37.700613,53.908558],[37.704509,53.90771],[37.720743,53.899984],[37.719507,53.897131],[37.707762,53.890901],[37.696192,53.889692],[37.686599,53.892487],[37.679159,53.89167],[37.674805,53.884649],[37.676466,53.881853],[37.689276,53.885691],[37.694328,53.882803],[37.695788,53.878731],[37.69022,53.869116],[37.693028,53.863844],[37.695809,53.861959],[37.695718,53.857566],[37.698436,53.854993],[37.688972,53.852157],[37.685312,53.849543],[37.684692,53.847355],[37.686581,53.844245],[37.696242,53.844068],[37.694316,53.833206],[37.687812,53.833276],[37.669723,53.826542],[37.669175,53.824817],[37.675011,53.814342],[37.674975,53.809634],[37.679125,53.808275],[37.679341,53.806488],[37.684435,53.805868],[37.685851,53.804185],[37.691106,53.807801],[37.693048,53.806069],[37.692422,53.804138],[37.699169,53.804097],[37.700073,53.801581],[37.707496,53.802988],[37.70623,53.800599],[37.713574,53.797038],[37.718652,53.79985],[37.719769,53.798982],[37.72951,53.799645],[37.730056,53.798931],[37.728337,53.797643],[37.729309,53.796675],[37.741047,53.796005],[37.74641,53.797122],[37.748409,53.793104],[37.754089,53.797664],[37.758692,53.797122],[37.772566,53.799719],[37.774675,53.798528],[37.769726,53.796924],[37.768734,53.794501],[37.774793,53.795139],[37.776554,53.793016],[37.780316,53.791681],[37.777914,53.796345],[37.781256,53.796234],[37.783066,53.793507],[37.785643,53.792619],[37.786782,53.793098],[37.787046,53.798947],[37.791871,53.798577],[37.790436,53.797155],[37.792316,53.793042],[37.79557,53.792693],[37.796639,53.79501],[37.798471,53.794985],[37.798357,53.791718],[37.800685,53.790329],[37.803107,53.791035],[37.802978,53.79304],[37.804559,53.793924],[37.807097,53.792834],[37.828689,53.795418],[37.831255,53.793824],[37.829118,53.791457],[37.830511,53.789793],[37.832082,53.789454],[37.834293,53.791171],[37.837276,53.790346],[37.837442,53.787343],[37.83445,53.784837],[37.84203,53.783073],[37.84832,53.783631],[37.849035,53.785076],[37.852684,53.784607],[37.855432,53.787165],[37.85728,53.78678],[37.857893,53.785116],[37.863772,53.786666],[37.870317,53.783293],[37.877361,53.783357],[37.876931,53.785151],[37.882044,53.786412],[37.88096,53.788073],[37.886689,53.78967],[37.887526,53.788054],[37.889854,53.787585],[37.896571,53.788941],[37.895884,53.787667],[37.90047,53.786615],[37.897992,53.785981],[37.899001,53.784986],[37.907551,53.784618],[37.910899,53.785506],[37.912256,53.788276],[37.913983,53.788827],[37.917234,53.788459],[37.918243,53.786856],[37.928778,53.787439],[37.928736,53.789518],[37.924594,53.790418],[37.927791,53.792123],[37.929969,53.789847],[37.933721,53.790177],[37.936958,53.788416],[37.936535,53.785658],[37.938177,53.784453],[37.941632,53.783984],[37.94525,53.785626],[37.946203,53.783665],[37.948558,53.784763],[37.950268,53.786643],[37.948465,53.789793],[37.949413,53.792162],[37.957751,53.798368],[37.958171,53.801987],[37.956654,53.803683],[37.949035,53.807473],[37.946923,53.809885],[37.954351,53.825609],[37.973113,53.82721],[37.977613,53.830639],[37.989381,53.826961],[37.994594,53.830301],[38.006264,53.834739],[38.012514,53.839504],[38.023451,53.842825],[38.030281,53.846553],[38.044505,53.849838],[38.04408,53.85064],[38.049543,53.857227],[38.057521,53.861252],[38.057869,53.863226],[38.05608,53.863622],[38.049518,53.870989],[38.076004,53.884402],[38.027552,53.918473],[38.012552,53.91427],[37.998361,53.921512],[38.009195,53.931081],[38.006151,53.933284],[38.003864,53.937284],[37.998046,53.940979],[38.006114,53.95136],[38.011075,53.952624],[38.013242,53.95539],[38.018211,53.956672],[38.02188,53.954602],[38.038967,53.977511],[38.032144,53.978319],[38.03074,53.977291],[38.021917,53.986298],[38.015458,53.988002],[38.015093,53.990601],[38.01563,53.993288],[38.020576,53.99277],[38.04451,54.00239],[38.041175,54.010099],[38.037584,54.012631],[38.040845,54.016892],[38.051252,54.016388],[38.050909,54.017737],[38.042283,54.018355],[38.045526,54.021312],[38.043699,54.022578],[38.039322,54.021947],[38.040738,54.024127],[38.039719,54.02738],[38.031351,54.031762],[38.029163,54.034383],[38.027789,54.039247],[38.031308,54.040633],[38.031952,54.042221],[38.025099,54.045735],[38.041973,54.074741],[38.043216,54.079105],[38.054791,54.079111],[38.062626,54.075418],[38.06897,54.075267],[38.074077,54.079052],[38.082785,54.07892],[38.088965,54.074791],[38.09875,54.073834],[38.112867,54.077645],[38.104785,54.07822],[38.098893,54.091688]]]}},{"type":"Feature","properties":{"osm_relation_id":1748981,"name":"Куркинский муниципальный округ","admin_level":6,"center":[38.5918,53.4676],"area_km2":950.15,"source":"OpenStreetMap contributors (ODbL), Overpass API","fetched_at":"2026-09-13"},"geometry":{"type":"Polygon","coordinates":[[[38.735352,53.614395],[38.749901,53.614274],[38.750282,53.620752],[38.760467,53.620722],[38.759418,53.62598],[38.802704,53.62947],[38.840333,53.630225],[38.861492,53.633048],[38.875233,53.637795],[38.88416,53.629895],[38.877005,53.626958],[38.878656,53.620624],[38.905361,53.616169],[38.941129,53.61586],[38.944056,53.613674],[38.947034,53.608538],[38.947272,53.605168],[38.944844,53.601598],[38.945893,53.598019],[38.934413,53.590625],[38.938225,53.589198],[38.936411,53.587758],[38.939728,53.587061],[38.941914,53.583813],[38.937676,53.578652],[38.938418,53.578152],[38.937354,53.576421],[38.938511,53.575058],[38.937522,53.574175],[38.924861,53.574077],[38.908472,53.576046],[38.904773,53.5738],[38.904845,53.571723],[38.897992,53.571368],[38.897384,53.569008],[38.902282,53.568858],[38.904701,53.56752],[38.906858,53.564073],[38.906107,53.557955],[38.902867,53.554153],[38.902244,53.550571],[38.903956,53.548716],[38.899867,53.543137],[38.900358,53.535917],[38.885779,53.530029],[38.870148,53.547973],[38.866923,53.554702],[38.850774,53.556463],[38.84914,53.5553],[38.842365,53.554833],[38.842639,53.551009],[38.839995,53.551829],[38.836022,53.550333],[38.826777,53.553072],[38.810503,53.549534],[38.805263,53.550494],[38.805952,53.55239],[38.802259,53.55191],[38.800826,53.552935],[38.788427,53.551379],[38.770137,53.542416],[38.761497,53.541719],[38.756203,53.53743],[38.746358,53.537391],[38.747424,53.535632],[38.742723,53.533459],[38.738678,53.533961],[38.740121,53.532779],[38.739399,53.532184],[38.736847,53.533261],[38.735201,53.531598],[38.731304,53.53184],[38.727775,53.531051],[38.72488,53.528633],[38.722702,53.528905],[38.71945,53.51692],[38.721763,53.511873],[38.71931,53.51012],[38.71973,53.505564],[38.715455,53.503672],[38.721904,53.497293],[38.728529,53.495389],[38.73121,53.495857],[38.734435,53.493325],[38.742537,53.491714],[38.746647,53.488411],[38.74611,53.486229],[38.749863,53.482237],[38.758974,53.479804],[38.757021,53.473532],[38.745634,53.467997],[38.73752,53.470253],[38.730165,53.467396],[38.725541,53.463932],[38.725721,53.449168],[38.727015,53.442025],[38.731973,53.433479],[38.739854,53.424018],[38.753059,53.417301],[38.756323,53.41143],[38.762141,53.406524],[38.762141,53.404351],[38.765961,53.398393],[38.768695,53.381501],[38.767574,53.375893],[38.771072,53.364056],[38.763535,53.357694],[38.742306,53.357038],[38.734141,53.357739],[38.72521,53.360315],[38.689643,53.358903],[38.679989,53.346738],[38.660322,53.34135],[38.660004,53.344903],[38.649972,53.345534],[38.642668,53.356262],[38.624095,53.353601],[38.606712,53.344629],[38.591152,53.341265],[38.58211,53.336008],[38.584809,53.334746],[38.580113,53.333204],[38.56308,53.332082],[38.547905,53.327596],[38.548186,53.324301],[38.545662,53.32353],[38.534799,53.306848],[38.531574,53.307619],[38.528911,53.302222],[38.520294,53.299817],[38.518353,53.297451],[38.50058,53.30288],[38.467037,53.309808],[38.46358,53.323939],[38.459647,53.323528],[38.457071,53.319587],[38.454462,53.318396],[38.441332,53.318728],[38.43676,53.317135],[38.434187,53.313193],[38.430849,53.3175],[38.439907,53.327367],[38.430681,53.330074],[38.430608,53.335575],[38.43449,53.339916],[38.448624,53.363953],[38.44729,53.365518],[38.441362,53.36667],[38.438093,53.365476],[38.423191,53.350079],[38.416026,53.345722],[38.409487,53.343725],[38.401592,53.344864],[38.375322,53.345123],[38.371359,53.346674],[38.364019,53.354494],[38.351469,53.359142],[38.338284,53.362213],[38.308369,53.384049],[38.303112,53.384019],[38.301788,53.381861],[38.297315,53.3866],[38.294844,53.387495],[38.263844,53.389398],[38.263093,53.390144],[38.2696,53.398352],[38.26253,53.397587],[38.253208,53.39893],[38.240539,53.40652],[38.236348,53.410567],[38.244324,53.412711],[38.244762,53.415769],[38.25155,53.416384],[38.256962,53.418733],[38.264251,53.419926],[38.281578,53.418953],[38.286677,53.420071],[38.289023,53.418487],[38.293715,53.423576],[38.30238,53.428702],[38.303475,53.43118],[38.315706,53.430789],[38.318834,53.433901],[38.32922,53.438728],[38.314205,53.447708],[38.309481,53.453222],[38.330439,53.454377],[38.332692,53.459183],[38.331315,53.460468],[38.332003,53.461883],[38.340794,53.47043],[38.341482,53.476463],[38.339166,53.480247],[38.345861,53.482346],[38.345861,53.483574],[38.351992,53.485435],[38.358905,53.4894],[38.366288,53.490721],[38.366538,53.492657],[38.364786,53.493476],[38.370855,53.500621],[38.364255,53.501793],[38.361689,53.504268],[38.375516,53.512565],[38.384056,53.51621],[38.370886,53.522236],[38.372419,53.524394],[38.377017,53.526421],[38.382335,53.526792],[38.387872,53.531459],[38.397569,53.536498],[38.404733,53.542539],[38.405077,53.544287],[38.403294,53.545941],[38.396912,53.54977],[38.396693,53.554973],[38.391688,53.55384],[38.384181,53.554397],[38.37758,53.558262],[38.376392,53.557575],[38.376955,53.555493],[38.372643,53.552806],[38.366214,53.55269],[38.351935,53.556076],[38.350871,53.561502],[38.349435,53.562928],[38.346356,53.572966],[38.36081,53.586951],[38.35562,53.59215],[38.360798,53.593225],[38.361842,53.600577],[38.367093,53.601163],[38.371932,53.59573],[38.381538,53.598837],[38.378157,53.602204],[38.378235,53.605743],[38.381981,53.610912],[38.388131,53.613302],[38.41713,53.618427],[38.425945,53.618854],[38.434185,53.617535],[38.467857,53.606642],[38.468973,53.608302],[38.468167,53.611855],[38.461547,53.612635],[38.468271,53.615067],[38.513818,53.620107],[38.52273,53.619885],[38.534724,53.615695],[38.559716,53.613946],[38.559053,53.616147],[38.574519,53.621514],[38.582694,53.625968],[38.604297,53.629278],[38.603628,53.631492],[38.596232,53.633737],[38.636845,53.634674],[38.651022,53.627027],[38.658973,53.626431],[38.668025,53.630118],[38.695709,53.630691],[38.703631,53.633326],[38.709778,53.630278],[38.711859,53.627341],[38.735856,53.624317],[38.736819,53.621732],[38.735165,53.618349],[38.735352,53.614395]]]}},{"type":"Feature","properties":{"osm_relation_id":1748983,"name":"городской округ Новогуровский","admin_level":6,"center":[37.3335,54.4723],"area_km2":11.82,"source":"OpenStreetMap contributors (ODbL), Overpass API","fetched_at":"2026-09-13"},"geometry":{"type":"Polygon","coordinates":[[[37.348196,54.48528],[37.349551,54.483764],[37.345164,54.480842],[37.34864,54.475882],[37.354979,54.470961],[37.349663,54.460634],[37.352699,54.456383],[37.358074,54.455026],[37.359397,54.452659],[37.34712,54.442476],[37.342641,54.441938],[37.338018,54.444974],[37.330248,54.444867],[37.333142,54.454207],[37.331152,54.458728],[37.328295,54.459402],[37.325892,54.462572],[37.320055,54.461395],[37.321092,54.458892],[37.311694,54.455508],[37.309974,54.461955],[37.313929,54.464589],[37.324977,54.468292],[37.324097,54.470362],[37.315082,54.475419],[37.310335,54.481314],[37.310148,54.485842],[37.307584,54.48843],[37.316882,54.491421],[37.322057,54.49507],[37.322359,54.497697],[37.319873,54.498378],[37.326015,54.498463],[37.338588,54.502682],[37.337948,54.500696],[37.333952,54.499277],[37.333656,54.496658],[37.336188,54.495287],[37.338034,54.496309],[37.341295,54.495711],[37.34681,54.489791],[37.348196,54.48528]]]}},{"type":"Feature","properties":{"osm_relation_id":1748985,"name":"Одоевский район","admin_level":6,"center":[36.7549,53.943],"area_km2":1163.6,"source":"OpenStreetMap contributors (ODbL), Overpass API","fetched_at":"2026-09-13"},"geometry":{"type":"Polygon","coordinates":[[[36.842612,53.769129],[36.854166,53.762456],[36.860426,53.762692],[36.859547,53.757905],[36.871861,53.753044],[36.877814,53.755038],[36.879641,53.757125],[36.880337,53.760879],[36.886758,53.767306],[36.888834,53.76799],[36.900442,53.763574],[36.919909,53.769072],[36.924126,53.770806],[36.926935,53.773665],[36.955284,53.766359],[36.976822,53.768148],[36.992926,53.768013],[37.001879,53.776528],[37.013964,53.78354],[37.033177,53.77561],[37.050363,53.775891],[37.047614,53.782153],[37.048437,53.788744],[37.069006,53.785536],[37.073135,53.791481],[37.081816,53.789439],[37.093339,53.805184],[37.084293,53.80769],[37.092321,53.817442],[37.061758,53.838378],[37.06878,53.838042],[37.071203,53.839457],[37.072938,53.8428],[37.076345,53.845599],[37.073918,53.847794],[37.075022,53.850947],[37.079833,53.8532],[37.080295,53.856462],[37.082021,53.858036],[37.091279,53.860299],[37.097757,53.859016],[37.100971,53.859643],[37.106756,53.866394],[37.107176,53.867545],[37.105668,53.868726],[37.10861,53.869047],[37.110852,53.876853],[37.11217,53.877889],[37.110276,53.882505],[37.101653,53.890431],[37.094735,53.889836],[37.091296,53.902243],[37.080298,53.905713],[37.073305,53.910182],[37.057358,53.908491],[37.040563,53.903508],[37.039367,53.917541],[37.04369,53.920546],[37.045861,53.924625],[37.050853,53.924175],[37.051767,53.932462],[37.048756,53.936253],[37.025897,53.941117],[37.011852,53.941176],[37.000611,53.939762],[36.995538,53.940963],[36.991167,53.944072],[36.986988,53.948978],[36.989603,53.95531],[36.99576,53.964146],[36.986577,53.966903],[36.987941,53.972748],[36.990454,53.97182],[37.001682,53.975759],[37.003459,53.992413],[37.000456,54.003521],[36.990605,54.002872],[36.977453,54.004632],[36.965473,54.000204],[36.955315,54.002567],[36.924452,54.002883],[36.913721,54.002275],[36.908135,53.999219],[36.900734,54.003739],[36.871978,54.004924],[36.861856,54.006435],[36.853754,54.010517],[36.848019,54.010414],[36.829541,54.014776],[36.828843,54.018703],[36.823353,54.021689],[36.824725,54.024637],[36.817252,54.029114],[36.817351,54.030688],[36.814288,54.031571],[36.811772,54.037084],[36.809582,54.037969],[36.810327,54.040498],[36.805747,54.040836],[36.804982,54.045578],[36.800953,54.047642],[36.800953,54.049945],[36.8075,54.053127],[36.807864,54.057797],[36.796149,54.063551],[36.795118,54.068861],[36.795875,54.073939],[36.791331,54.076455],[36.789865,54.079718],[36.791188,54.082266],[36.783739,54.086305],[36.783947,54.0915],[36.780716,54.095439],[36.780842,54.098331],[36.773267,54.10719],[36.767585,54.110636],[36.762426,54.111315],[36.763757,54.111884],[36.765787,54.117605],[36.76305,54.121736],[36.759643,54.123047],[36.75601,54.122592],[36.751379,54.11995],[36.753468,54.118272],[36.750642,54.113361],[36.74096,54.113874],[36.73843,54.112292],[36.735178,54.112249],[36.718277,54.103571],[36.70417,54.101189],[36.696886,54.098312],[36.676876,54.096199],[36.66829,54.098941],[36.634311,54.09973],[36.62984,54.107158],[36.62827,54.107077],[36.62827,54.104156],[36.625356,54.103976],[36.621676,54.106898],[36.622596,54.114853],[36.616027,54.119016],[36.615997,54.121028],[36.618763,54.121818],[36.617689,54.12348],[36.615543,54.1233],[36.612246,54.129815],[36.601589,54.132914],[36.598495,54.130446],[36.585796,54.127524],[36.589859,54.113999],[36.577669,54.115347],[36.577516,54.114179],[36.580813,54.113145],[36.577746,54.10874],[36.581349,54.106133],[36.581656,54.103571],[36.572992,54.102447],[36.575063,54.100155],[36.572149,54.098267],[36.572226,54.096288],[36.569083,54.094625],[36.571076,54.091073],[36.578436,54.093321],[36.581886,54.089229],[36.562949,54.082933],[36.555282,54.07884],[36.554746,54.077401],[36.548076,54.075287],[36.543629,54.074343],[36.541329,54.077221],[36.531516,54.073542],[36.541767,54.064152],[36.530886,54.060626],[36.551811,54.041308],[36.544384,54.039207],[36.541023,54.029974],[36.537445,54.026216],[36.5479,54.018861],[36.536863,54.018034],[36.53675,54.014341],[36.529536,54.008527],[36.532451,54.005546],[36.526398,54.003065],[36.526477,54.000864],[36.52401,53.999865],[36.524933,53.998777],[36.51943,53.995931],[36.516269,53.9979],[36.516048,53.99671],[36.508271,53.993433],[36.497063,53.991242],[36.49771,53.989212],[36.499712,53.988521],[36.49831,53.987563],[36.499065,53.986949],[36.4921,53.985822],[36.489283,53.982516],[36.496262,53.981547],[36.496768,53.979901],[36.492359,53.977823],[36.493799,53.975694],[36.492935,53.974557],[36.484708,53.975718],[36.482322,53.972427],[36.484213,53.970117],[36.481692,53.968702],[36.469345,53.96779],[36.4534,53.971405],[36.447365,53.965021],[36.448528,53.964175],[36.46021,53.965282],[36.45517,53.956344],[36.451075,53.955314],[36.449962,53.953629],[36.443822,53.953392],[36.44349,53.956259],[36.441275,53.957041],[36.438119,53.954891],[36.434201,53.948177],[36.449533,53.946665],[36.453887,53.944294],[36.46231,53.944622],[36.469207,53.938632],[36.490277,53.933659],[36.495566,53.934055],[36.49286,53.930863],[36.49883,53.919872],[36.484602,53.915585],[36.481823,53.91642],[36.470602,53.915575],[36.456569,53.908153],[36.451974,53.90435],[36.448617,53.903994],[36.438308,53.898929],[36.437135,53.902324],[36.432797,53.902232],[36.426452,53.89554],[36.423148,53.894329],[36.420204,53.895121],[36.415202,53.890168],[36.425014,53.887529],[36.423797,53.883797],[36.414477,53.878466],[36.398386,53.881254],[36.397563,53.878956],[36.4026,53.874838],[36.425986,53.869757],[36.434601,53.864932],[36.443942,53.861996],[36.448484,53.858673],[36.463135,53.855903],[36.465409,53.850671],[36.481489,53.854241],[36.48831,53.846187],[36.477699,53.845895],[36.47885,53.842784],[36.471474,53.837213],[36.462416,53.835597],[36.455182,53.827748],[36.451765,53.82055],[36.447487,53.819603],[36.445667,53.817855],[36.444947,53.813849],[36.445792,53.807881],[36.447339,53.806204],[36.453092,53.806612],[36.469924,53.798988],[36.48265,53.801411],[36.484105,53.790349],[36.486711,53.785798],[36.489508,53.785654],[36.485795,53.77936],[36.488295,53.774182],[36.500011,53.772745],[36.509405,53.76934],[36.512947,53.77674],[36.512709,53.780768],[36.517757,53.783483],[36.536486,53.778215],[36.539616,53.779663],[36.544899,53.785229],[36.561821,53.785338],[36.566771,53.787068],[36.583441,53.77692],[36.604721,53.782835],[36.611554,53.779769],[36.618554,53.779359],[36.619889,53.777013],[36.617995,53.775077],[36.618223,53.771048],[36.639803,53.768452],[36.637707,53.763257],[36.645065,53.762875],[36.643144,53.769484],[36.642885,53.780258],[36.663483,53.785464],[36.673627,53.790407],[36.682119,53.796265],[36.686679,53.793506],[36.69603,53.791077],[36.699128,53.793034],[36.709859,53.794663],[36.717053,53.802393],[36.721768,53.804144],[36.7337,53.798438],[36.745273,53.799368],[36.74974,53.798266],[36.774052,53.801346],[36.786469,53.789544],[36.786904,53.784577],[36.784663,53.784243],[36.786036,53.775119],[36.803891,53.77648],[36.810247,53.775481],[36.826289,53.777558],[36.851891,53.776839],[36.842612,53.769129]]]}},{"type":"Feature","properties":{"osm_relation_id":1748986,"name":"Плавский муниципальный округ","admin_level":6,"center":[37.2431,53.5999],"area_km2":1030.17,"source":"OpenStreetMap contributors (ODbL), Overpass API","fetched_at":"2026-09-13"},"geometry":{"type":"Polygon","coordinates":[[[37.239176,53.823894],[37.232262,53.826103],[37.229972,53.825715],[37.230423,53.822472],[37.228352,53.819952],[37.232526,53.818945],[37.229653,53.817083],[37.223095,53.820002],[37.192801,53.811652],[37.184149,53.812398],[37.183658,53.810508],[37.164974,53.809074],[37.164532,53.813406],[37.148592,53.812623],[37.149034,53.817147],[37.143023,53.817045],[37.143849,53.819687],[37.137204,53.818905],[37.125719,53.820004],[37.125181,53.821433],[37.119304,53.82378],[37.113405,53.822349],[37.097756,53.824392],[37.084293,53.80769],[37.093339,53.805184],[37.081816,53.789439],[37.073135,53.791481],[37.069006,53.785536],[37.048437,53.788744],[37.047614,53.782153],[37.050363,53.775891],[37.033177,53.77561],[37.013964,53.78354],[37.001879,53.776528],[36.98571,53.759826],[36.982337,53.755024],[36.983273,53.752193],[36.989752,53.750641],[37.030431,53.750225],[37.042844,53.733783],[37.027938,53.732468],[37.017846,53.729339],[37.006476,53.723117],[36.996021,53.720212],[36.986183,53.710442],[36.981003,53.707978],[36.955331,53.701374],[36.950725,53.689195],[36.969598,53.687382],[36.97253,53.684584],[36.993968,53.672913],[36.959013,53.652438],[36.952865,53.653979],[36.953845,53.647258],[37.039032,53.615474],[37.109204,53.600139],[37.099414,53.600152],[37.09891,53.597659],[37.102531,53.598035],[37.103727,53.596574],[37.114662,53.59739],[37.115647,53.594886],[37.112718,53.592072],[37.115464,53.590391],[37.135334,53.596908],[37.141187,53.593028],[37.143341,53.59364],[37.143798,53.591983],[37.15905,53.579496],[37.121516,53.553499],[37.132975,53.548833],[37.134734,53.54511],[37.132288,53.543325],[37.132073,53.541157],[37.133532,53.539882],[37.132245,53.537766],[37.142287,53.531517],[37.133361,53.52968],[37.132982,53.528647],[37.133693,53.525298],[37.140302,53.515996],[37.141979,53.512227],[37.14129,53.511111],[37.132231,53.510681],[37.12428,53.504605],[37.124762,53.503344],[37.128183,53.501739],[37.139604,53.502399],[37.14129,53.500335],[37.141097,53.492825],[37.143217,53.490875],[37.158637,53.489356],[37.161866,53.488008],[37.158348,53.479091],[37.169693,53.474307],[37.17438,53.478051],[37.186799,53.478064],[37.193352,53.47643],[37.195328,53.47448],[37.189979,53.466563],[37.194894,53.464727],[37.19581,53.461285],[37.214871,53.462197],[37.232121,53.459414],[37.249324,53.463201],[37.257564,53.462685],[37.264502,53.454479],[37.256166,53.451467],[37.260117,53.446301],[37.265081,53.44168],[37.273754,53.445842],[37.292731,53.421626],[37.292857,53.418934],[37.290014,53.41678],[37.289966,53.415143],[37.293773,53.41431],[37.293339,53.403682],[37.306012,53.40374],[37.315698,53.387764],[37.318661,53.38579],[37.325792,53.388268],[37.330116,53.39246],[37.330549,53.39522],[37.340833,53.400324],[37.355343,53.402349],[37.363495,53.396732],[37.36701,53.392714],[37.365828,53.390777],[37.377359,53.375692],[37.387267,53.366794],[37.406275,53.371427],[37.402989,53.379032],[37.398035,53.382197],[37.396391,53.386319],[37.392631,53.388466],[37.39195,53.392072],[37.417306,53.401186],[37.411792,53.408885],[37.418733,53.413178],[37.424139,53.413219],[37.430492,53.415352],[37.426399,53.425457],[37.425198,53.432105],[37.421884,53.434784],[37.414032,53.435057],[37.404747,53.437531],[37.399568,53.445005],[37.396996,53.45233],[37.412451,53.454927],[37.405001,53.474514],[37.405064,53.47812],[37.40751,53.482362],[37.403077,53.485344],[37.400443,53.490231],[37.391005,53.499697],[37.386609,53.506547],[37.396014,53.506628],[37.400273,53.510113],[37.401465,53.519311],[37.412062,53.520851],[37.420103,53.523889],[37.424771,53.519959],[37.426168,53.520587],[37.423817,53.525732],[37.424124,53.528953],[37.431551,53.533834],[37.443852,53.536487],[37.435606,53.54408],[37.437548,53.545882],[37.464841,53.556023],[37.489436,53.560094],[37.490906,53.562439],[37.502798,53.564301],[37.507636,53.567194],[37.511736,53.566081],[37.516362,53.5694],[37.519831,53.570087],[37.518482,53.571346],[37.520361,53.573664],[37.527156,53.574751],[37.528958,53.577404],[37.535271,53.580857],[37.535395,53.582132],[37.528747,53.58606],[37.514339,53.598158],[37.503835,53.598272],[37.502823,53.602418],[37.493764,53.602647],[37.489572,53.610281],[37.467454,53.607851],[37.463793,53.612393],[37.451746,53.622054],[37.445264,53.620682],[37.437733,53.626533],[37.480111,53.633801],[37.480484,53.657927],[37.488624,53.659717],[37.49702,53.656805],[37.503727,53.656623],[37.507515,53.658595],[37.513505,53.659232],[37.513202,53.67059],[37.515711,53.672227],[37.513714,53.687025],[37.51141,53.689693],[37.51141,53.691997],[37.488627,53.692814],[37.478786,53.694901],[37.476674,53.698131],[37.483389,53.705618],[37.483791,53.708288],[37.438712,53.712741],[37.443059,53.716647],[37.448991,53.718204],[37.45141,53.720308],[37.441244,53.725209],[37.429822,53.723579],[37.424278,53.724987],[37.419143,53.728768],[37.414619,53.729596],[37.403253,53.726484],[37.398717,53.727608],[37.379369,53.724386],[37.374196,53.729053],[37.374569,53.732315],[37.377449,53.735315],[37.374317,53.738826],[37.37088,53.737298],[37.349186,53.734012],[37.345447,53.737195],[37.341442,53.729439],[37.339398,53.729499],[37.340113,53.735647],[37.349994,53.757428],[37.336365,53.765787],[37.31967,53.768627],[37.319567,53.772936],[37.327906,53.773108],[37.332748,53.774797],[37.334617,53.778079],[37.33996,53.782003],[37.344351,53.791026],[37.350231,53.791111],[37.350383,53.796655],[37.344814,53.798355],[37.339331,53.80729],[37.323124,53.806867],[37.309786,53.808476],[37.29677,53.812662],[37.273967,53.822893],[37.269891,53.819421],[37.264874,53.832404],[37.256993,53.833033],[37.252804,53.832138],[37.239176,53.823894]]]}},{"type":"Feature","properties":{"osm_relation_id":1748987,"name":"Суворовский район","admin_level":6,"center":[36.4096,54.1229],"area_km2":1068.03,"source":"OpenStreetMap contributors (ODbL), Overpass API","fetched_at":"2026-09-13"},"geometry":{"type":"Polygon","coordinates":[[[36.818867,54.27894],[36.812544,54.271978],[36.808527,54.273832],[36.801615,54.273608],[36.798817,54.267073],[36.794895,54.268306],[36.791069,54.276412],[36.778493,54.27436],[36.770886,54.274934],[36.767659,54.275941],[36.767961,54.279453],[36.756853,54.283088],[36.748926,54.283808],[36.748021,54.282383],[36.738257,54.282447],[36.730522,54.285922],[36.724598,54.284689],[36.72191,54.281503],[36.722952,54.280334],[36.720209,54.278268],[36.714833,54.277483],[36.712063,54.282175],[36.713599,54.284129],[36.712612,54.285842],[36.715711,54.288083],[36.697801,54.294038],[36.700269,54.299353],[36.69074,54.303132],[36.690413,54.305287],[36.688318,54.305525],[36.689219,54.306682],[36.685614,54.30929],[36.675571,54.308449],[36.671677,54.301916],[36.673228,54.293489],[36.678546,54.29271],[36.679754,54.290332],[36.648203,54.279618],[36.64156,54.287014],[36.614253,54.286315],[36.615094,54.285452],[36.613157,54.284574],[36.601071,54.28304],[36.58888,54.27715],[36.587616,54.281016],[36.562087,54.285123],[36.557018,54.28998],[36.553544,54.289237],[36.553423,54.288129],[36.550858,54.288247],[36.554614,54.283472],[36.546192,54.281889],[36.545061,54.27972],[36.50487,54.28369],[36.501943,54.28765],[36.486286,54.288287],[36.471755,54.284268],[36.476749,54.27838],[36.474515,54.276299],[36.476148,54.272536],[36.486949,54.264692],[36.492272,54.257362],[36.505199,54.255318],[36.504608,54.247401],[36.501684,54.24908],[36.49758,54.247811],[36.494429,54.248642],[36.491146,54.246351],[36.487705,54.247612],[36.485832,54.246403],[36.483976,54.247228],[36.446754,54.239059],[36.453275,54.23376],[36.449974,54.23231],[36.442073,54.23303],[36.437982,54.229276],[36.432628,54.231494],[36.430426,54.230073],[36.430164,54.224024],[36.436044,54.21733],[36.433728,54.216446],[36.424841,54.215495],[36.42586,54.21757],[36.424562,54.218876],[36.413622,54.22169],[36.391545,54.224283],[36.39373,54.22169],[36.392246,54.219599],[36.393057,54.217839],[36.382379,54.214564],[36.382642,54.21319],[36.379603,54.209972],[36.377813,54.210731],[36.379086,54.207861],[36.381525,54.20636],[36.377139,54.202666],[36.366495,54.206408],[36.362531,54.211163],[36.351465,54.211533],[36.348059,54.213792],[36.337222,54.212088],[36.338391,54.214179],[36.336276,54.213352],[36.332299,54.216415],[36.330509,54.220423],[36.323042,54.220839],[36.315944,54.232107],[36.31294,54.233386],[36.303884,54.233906],[36.304121,54.228715],[36.312193,54.221954],[36.309019,54.221312],[36.311324,54.218697],[36.307848,54.216187],[36.299603,54.214305],[36.291813,54.213342],[36.290166,54.214427],[36.289974,54.219644],[36.268512,54.220848],[36.267337,54.224852],[36.263566,54.225224],[36.262523,54.22071],[36.262814,54.209178],[36.261189,54.209233],[36.260715,54.218619],[36.241925,54.215533],[36.241964,54.211824],[36.247132,54.211137],[36.248619,54.209328],[36.247171,54.201978],[36.249285,54.199597],[36.249089,54.198314],[36.246427,54.197604],[36.244117,54.198291],[36.242395,54.195978],[36.24216,54.192772],[36.23516,54.187202],[36.242698,54.182199],[36.240253,54.179783],[36.238648,54.175019],[36.234495,54.172103],[36.216336,54.166399],[36.205867,54.155868],[36.197013,54.156771],[36.174258,54.173658],[36.149787,54.168927],[36.140928,54.177126],[36.125924,54.179621],[36.123488,54.177968],[36.120554,54.178811],[36.119613,54.181435],[36.116734,54.183023],[36.115516,54.185453],[36.108706,54.185712],[36.108595,54.179977],[36.092207,54.181889],[36.078144,54.1792],[36.077369,54.176931],[36.063029,54.175149],[36.063804,54.176737],[36.062863,54.177742],[36.06015,54.177806],[36.062033,54.18056],[36.060815,54.1815],[36.055832,54.179913],[36.051569,54.180301],[36.034959,54.171973],[36.027595,54.176121],[36.025436,54.180949],[36.019568,54.181014],[36.012315,54.187785],[36.012481,54.190669],[36.019621,54.193354],[36.022341,54.19658],[36.026493,54.196906],[36.029441,54.199626],[36.020923,54.197521],[36.020294,54.195201],[36.007847,54.195872],[36.006829,54.194864],[36.008181,54.190967],[35.994433,54.19265],[35.990739,54.19529],[35.985954,54.195254],[35.980867,54.192419],[35.983289,54.183542],[35.981866,54.181327],[35.978141,54.179094],[35.970026,54.181327],[35.968451,54.179697],[35.970147,54.177942],[35.96942,54.176595],[35.964938,54.174397],[35.971622,54.167903],[35.961311,54.170748],[35.964585,54.16474],[35.963115,54.162324],[35.965883,54.161028],[35.968375,54.163297],[35.967697,54.164302],[35.970843,54.164871],[35.97116,54.167341],[35.976999,54.167076],[35.977122,54.169139],[35.987829,54.164253],[36.002153,54.172883],[36.005753,54.172294],[36.009926,54.173376],[36.012104,54.176344],[36.018476,54.178508],[36.025711,54.172097],[36.029636,54.170262],[36.035293,54.169933],[36.046467,54.163426],[36.052944,54.162162],[36.060819,54.158026],[36.054804,54.154891],[36.061167,54.152977],[36.065402,54.157916],[36.074703,54.155452],[36.080239,54.152988],[36.0819,54.148999],[36.088655,54.144913],[36.083118,54.143584],[36.077803,54.140535],[36.073651,54.133292],[36.069471,54.133373],[36.069,54.131168],[36.066536,54.130811],[36.066703,54.129091],[36.073014,54.127988],[36.096323,54.136974],[36.109982,54.143759],[36.13174,54.143921],[36.130273,54.138051],[36.143506,54.133526],[36.139879,54.129163],[36.142371,54.1278],[36.142315,54.125821],[36.132239,54.125854],[36.128003,54.123534],[36.128972,54.118813],[36.12756,54.11672],[36.121664,54.114659],[36.120446,54.112533],[36.112031,54.107973],[36.107795,54.109856],[36.108266,54.11375],[36.107601,54.115762],[36.105719,54.116184],[36.105774,54.118813],[36.07106,54.118456],[36.067738,54.116217],[36.070617,54.111251],[36.072777,54.110635],[36.071835,54.106837],[36.087393,54.104987],[36.089861,54.106566],[36.100515,54.108882],[36.100293,54.102033],[36.105774,54.101968],[36.107041,54.097932],[36.119006,54.09976],[36.120501,54.096286],[36.12327,54.094273],[36.123092,54.092547],[36.126772,54.089676],[36.131862,54.089676],[36.135385,54.091927],[36.137407,54.096969],[36.144907,54.100165],[36.153198,54.099732],[36.158092,54.100972],[36.15954,54.102602],[36.176657,54.102655],[36.180602,54.097804],[36.179624,54.090296],[36.189489,54.090365],[36.196625,54.092312],[36.209181,54.093098],[36.209886,54.089699],[36.217129,54.089148],[36.208007,54.073003],[36.219008,54.069971],[36.211334,54.065835],[36.215093,54.063905],[36.214271,54.062803],[36.204248,54.059103],[36.196301,54.061585],[36.196615,54.062481],[36.188237,54.063446],[36.192582,54.057839],[36.190225,54.055734],[36.184283,54.055633],[36.180407,54.053289],[36.155547,54.05476],[36.1384,54.048922],[36.13609,54.046624],[36.145251,54.042325],[36.13977,54.03736],[36.134367,54.037843],[36.126929,54.033566],[36.134328,54.028438],[36.127986,54.02699],[36.131157,54.025472],[36.131549,54.022183],[36.125033,54.019096],[36.119622,54.018788],[36.121149,54.01375],[36.123732,54.010461],[36.097972,54.005675],[36.095506,53.99746],[36.097346,53.997276],[36.096915,53.994169],[36.093392,53.991062],[36.093469,53.987339],[36.116138,53.985847],[36.132658,53.978089],[36.144784,53.981514],[36.166562,53.979654],[36.166508,53.970931],[36.173662,53.9695],[36.183552,53.970311],[36.184349,53.975046],[36.192352,53.97578],[36.194544,53.980247],[36.197049,53.982588],[36.199179,53.982615],[36.196815,53.980293],[36.195249,53.975872],[36.194544,53.968872],[36.19658,53.963898],[36.20073,53.961917],[36.202922,53.957402],[36.205741,53.955744],[36.212631,53.956803],[36.220383,53.961825],[36.236904,53.962608],[36.261451,53.967037],[36.264662,53.96632],[36.264662,53.962477],[36.260819,53.956926],[36.261649,53.949987],[36.302302,53.951969],[36.305591,53.951001],[36.312559,53.944965],[36.329393,53.938835],[36.334717,53.940126],[36.334091,53.943813],[36.338084,53.944181],[36.345209,53.936531],[36.369717,53.944181],[36.382323,53.943629],[36.388743,53.946486],[36.392736,53.950541],[36.389839,53.954319],[36.390085,53.959918],[36.394391,53.963051],[36.406485,53.966369],[36.41083,53.958696],[36.420714,53.95311],[36.425611,53.953043],[36.433695,53.948285],[36.438119,53.954891],[36.441275,53.957041],[36.44349,53.956259],[36.443822,53.953392],[36.449962,53.953629],[36.451075,53.955314],[36.45517,53.956344],[36.460044,53.963686],[36.46021,53.965282],[36.448528,53.964175],[36.447365,53.965021],[36.4534,53.971405],[36.469345,53.96779],[36.481692,53.968702],[36.484213,53.970117],[36.482322,53.972427],[36.484708,53.975718],[36.492935,53.974557],[36.493799,53.975694],[36.492359,53.977823],[36.496768,53.979901],[36.496262,53.981547],[36.489283,53.982516],[36.4921,53.985822],[36.499065,53.986949],[36.49831,53.987563],[36.499712,53.988521],[36.49771,53.989212],[36.497063,53.991242],[36.508271,53.993433],[36.516048,53.99671],[36.516269,53.9979],[36.51943,53.995931],[36.524933,53.998777],[36.52401,53.999865],[36.526477,54.000864],[36.526398,54.003065],[36.532451,54.005546],[36.529536,54.008527],[36.53675,54.014341],[36.536863,54.018034],[36.5479,54.018861],[36.537445,54.026216],[36.541023,54.029974],[36.544384,54.039207],[36.551811,54.041308],[36.530886,54.060626],[36.541767,54.064152],[36.531516,54.073542],[36.541329,54.077221],[36.543629,54.074343],[36.548076,54.075287],[36.554746,54.077401],[36.555282,54.07884],[36.562949,54.082933],[36.581886,54.089229],[36.578436,54.093321],[36.571076,54.091073],[36.569083,54.094625],[36.572226,54.096288],[36.572149,54.098267],[36.575063,54.100155],[36.572992,54.102447],[36.581656,54.103571],[36.581349,54.106133],[36.577746,54.10874],[36.580813,54.113145],[36.577516,54.114179],[36.577669,54.115347],[36.589859,54.113999],[36.585796,54.127524],[36.588633,54.128826],[36.598495,54.130446],[36.601589,54.132914],[36.612246,54.129815],[36.615543,54.1233],[36.617689,54.12348],[36.618763,54.121818],[36.615997,54.121028],[36.616027,54.119016],[36.622596,54.114853],[36.621676,54.106898],[36.625356,54.103976],[36.62827,54.104156],[36.62827,54.107077],[36.62984,54.107158],[36.634311,54.09973],[36.66829,54.098941],[36.676876,54.096199],[36.696886,54.098312],[36.70417,54.101189],[36.718277,54.103571],[36.735178,54.112249],[36.73843,54.112292],[36.74096,54.113874],[36.741503,54.11544],[36.72923,54.124096],[36.743512,54.128164],[36.719142,54.137326],[36.712041,54.141433],[36.703414,54.14004],[36.696952,54.140442],[36.68647,54.138175],[36.682118,54.14004],[36.678465,54.136823],[36.672683,54.135035],[36.672744,54.138956],[36.666152,54.138963],[36.665879,54.142677],[36.667778,54.144782],[36.664226,54.147146],[36.665809,54.148728],[36.662474,54.150761],[36.672473,54.152725],[36.674899,54.154575],[36.688958,54.158747],[36.690433,54.159664],[36.691704,54.166162],[36.695574,54.172368],[36.715289,54.177287],[36.731359,54.16702],[36.737803,54.16694],[36.738241,54.171624],[36.732549,54.173391],[36.732088,54.174887],[36.74102,54.176288],[36.739524,54.180976],[36.742172,54.182997],[36.750385,54.181615],[36.750575,54.179285],[36.754261,54.178079],[36.773894,54.177586],[36.78366,54.179002],[36.787139,54.177796],[36.802749,54.184286],[36.80283,54.186171],[36.797795,54.18978],[36.797468,54.191244],[36.800056,54.19487],[36.799033,54.199102],[36.795028,54.201012],[36.788902,54.207322],[36.78977,54.210746],[36.799528,54.217182],[36.807822,54.220225],[36.809047,54.222351],[36.82043,54.2143],[36.823785,54.21554],[36.8284,54.214142],[36.837585,54.217467],[36.857914,54.216294],[36.85786,54.21772],[36.828694,54.227482],[36.822839,54.240663],[36.813189,54.246397],[36.811509,54.251433],[36.826254,54.262391],[36.826797,54.26657],[36.82826,54.26733],[36.821809,54.2723],[36.821972,54.276225],[36.818867,54.27894]]]}},{"type":"Feature","properties":{"osm_relation_id":1748988,"name":"Тёпло-Огарёвский район","admin_level":6,"center":[37.6489,53.5748],"area_km2":1007.23,"source":"OpenStreetMap contributors (ODbL), Overpass API","fetched_at":"2026-09-13"},"geometry":{"type":"Polygon","coordinates":[[[37.51141,53.691997],[37.515147,53.681416],[37.515711,53.672227],[37.513202,53.67059],[37.513505,53.659232],[37.507515,53.658595],[37.503727,53.656623],[37.49702,53.656805],[37.488624,53.659717],[37.480484,53.657927],[37.480111,53.633801],[37.437733,53.626533],[37.445264,53.620682],[37.451746,53.622054],[37.463793,53.612393],[37.467454,53.607851],[37.489572,53.610281],[37.493764,53.602647],[37.502823,53.602418],[37.503835,53.598272],[37.514339,53.598158],[37.528747,53.58606],[37.535395,53.582132],[37.535271,53.580857],[37.528958,53.577404],[37.527156,53.574751],[37.520361,53.573664],[37.518482,53.571346],[37.519831,53.570087],[37.516362,53.5694],[37.511736,53.566081],[37.507636,53.567194],[37.502798,53.564301],[37.490906,53.562439],[37.489436,53.560094],[37.464841,53.556023],[37.437548,53.545882],[37.435606,53.54408],[37.443852,53.536487],[37.431551,53.533834],[37.424124,53.528953],[37.423817,53.525732],[37.426168,53.520587],[37.424771,53.519959],[37.420103,53.523889],[37.412062,53.520851],[37.401465,53.519311],[37.400273,53.510113],[37.396014,53.506628],[37.386609,53.506547],[37.391005,53.499697],[37.400443,53.490231],[37.403077,53.485344],[37.40751,53.482362],[37.405064,53.47812],[37.405001,53.474514],[37.412451,53.454927],[37.396996,53.45233],[37.399568,53.445005],[37.404747,53.437531],[37.414032,53.435057],[37.421884,53.434784],[37.425198,53.432105],[37.426399,53.425457],[37.430492,53.415352],[37.424139,53.413219],[37.418733,53.413178],[37.411792,53.408885],[37.417306,53.401186],[37.39195,53.392072],[37.392631,53.388466],[37.396391,53.386319],[37.398035,53.382197],[37.402989,53.379032],[37.406275,53.371427],[37.426127,53.357672],[37.429212,53.353],[37.438658,53.349717],[37.45443,53.350946],[37.460389,53.35274],[37.478567,53.361781],[37.487502,53.373895],[37.485198,53.379179],[37.490471,53.38266],[37.503014,53.385622],[37.513048,53.390232],[37.515403,53.395239],[37.519858,53.396521],[37.534295,53.387881],[37.537213,53.387973],[37.556002,53.381499],[37.563425,53.380278],[37.557896,53.377163],[37.558306,53.371848],[37.57433,53.36299],[37.576378,53.362898],[37.592658,53.375605],[37.590764,53.378293],[37.592454,53.382965],[37.596856,53.385805],[37.606789,53.386691],[37.608785,53.385805],[37.616106,53.372245],[37.622301,53.372368],[37.626909,53.377438],[37.643035,53.379606],[37.677142,53.38895],[37.687166,53.370535],[37.691774,53.368885],[37.698686,53.370993],[37.69674,53.372734],[37.698788,53.373712],[37.70273,53.372582],[37.710768,53.368611],[37.708362,53.3669],[37.723618,53.355657],[37.753363,53.365464],[37.776401,53.37585],[37.778295,53.375758],[37.783057,53.372184],[37.790224,53.376552],[37.792323,53.380339],[37.796368,53.382782],[37.79688,53.385561],[37.798927,53.386904],[37.797187,53.386996],[37.797187,53.389408],[37.799235,53.390965],[37.797545,53.39295],[37.800463,53.397223],[37.803469,53.397852],[37.801794,53.401344],[37.803791,53.402779],[37.80118,53.412331],[37.803279,53.414071],[37.803382,53.416512],[37.808962,53.419776],[37.808962,53.422309],[37.811443,53.425321],[37.805238,53.425497],[37.805454,53.428047],[37.802537,53.431739],[37.798247,53.432357],[37.793144,53.430391],[37.789736,53.433948],[37.784593,53.429703],[37.769108,53.432805],[37.766061,53.431232],[37.761898,53.434837],[37.75707,53.436154],[37.75471,53.441037],[37.747371,53.437381],[37.74617,53.441177],[37.751727,53.45195],[37.73668,53.459768],[37.751853,53.470513],[37.757383,53.46917],[37.760458,53.474594],[37.769151,53.48061],[37.770716,53.494862],[37.762477,53.495616],[37.761778,53.516839],[37.766202,53.51782],[37.76702,53.522962],[37.78057,53.533203],[37.776412,53.542299],[37.786301,53.543686],[37.776589,53.553037],[37.776743,53.557938],[37.765706,53.56226],[37.769709,53.566057],[37.769643,53.568461],[37.772231,53.570076],[37.771744,53.57252],[37.781253,53.580758],[37.767719,53.588331],[37.77232,53.590011],[37.769599,53.597993],[37.796647,53.598996],[37.819489,53.597359],[37.821513,53.608086],[37.821137,53.610487],[37.816691,53.615697],[37.826202,53.618859],[37.831754,53.611813],[37.836045,53.609975],[37.867322,53.624408],[37.869445,53.623149],[37.869467,53.621771],[37.872365,53.620722],[37.911258,53.668263],[37.901759,53.668705],[37.890319,53.671107],[37.866427,53.678055],[37.877142,53.700435],[37.873309,53.705515],[37.870237,53.705818],[37.867779,53.717151],[37.865732,53.717272],[37.862398,53.734711],[37.868784,53.73705],[37.871965,53.742051],[37.875869,53.741986],[37.869418,53.761057],[37.877609,53.762994],[37.877712,53.766142],[37.881807,53.773222],[37.878121,53.77413],[37.875357,53.782061],[37.88191,53.782454],[37.881346,53.785943],[37.876931,53.785151],[37.877361,53.783357],[37.871905,53.783129],[37.86551,53.786311],[37.862764,53.786621],[37.858596,53.785008],[37.855432,53.787165],[37.852684,53.784607],[37.849035,53.785076],[37.84832,53.783631],[37.84203,53.783073],[37.83445,53.784837],[37.837442,53.787343],[37.837276,53.790346],[37.834293,53.791171],[37.832082,53.789454],[37.830511,53.789793],[37.829118,53.791457],[37.831255,53.793824],[37.827861,53.795545],[37.825265,53.794359],[37.818955,53.794927],[37.807097,53.792834],[37.804559,53.793924],[37.802978,53.79304],[37.803107,53.791035],[37.800685,53.790329],[37.798357,53.791718],[37.798471,53.794985],[37.796639,53.79501],[37.79557,53.792693],[37.791795,53.793283],[37.790436,53.797155],[37.791972,53.798207],[37.791384,53.798917],[37.786507,53.798713],[37.786782,53.793098],[37.785643,53.792619],[37.783066,53.793507],[37.781256,53.796234],[37.778197,53.796551],[37.777884,53.794945],[37.780316,53.791681],[37.776554,53.793016],[37.774793,53.795139],[37.768469,53.794778],[37.769726,53.796924],[37.774481,53.798255],[37.773155,53.799696],[37.758692,53.797122],[37.754089,53.797664],[37.748409,53.793104],[37.74641,53.797122],[37.741047,53.796005],[37.729309,53.796675],[37.728337,53.797643],[37.730056,53.798931],[37.72951,53.799645],[37.718145,53.799738],[37.713064,53.795507],[37.722631,53.793182],[37.716078,53.785773],[37.719155,53.775929],[37.71874,53.772825],[37.713725,53.766729],[37.713363,53.763519],[37.710974,53.76369],[37.710757,53.761251],[37.713363,53.760052],[37.709308,53.75697],[37.708947,53.754659],[37.710612,53.752176],[37.709949,53.749646],[37.693361,53.748254],[37.690596,53.750252],[37.682815,53.750736],[37.673241,53.739049],[37.669082,53.737768],[37.663198,53.741529],[37.641346,53.739171],[37.637967,53.741411],[37.637301,53.744712],[37.633052,53.742865],[37.626755,53.742865],[37.622045,53.746195],[37.623837,53.748133],[37.621738,53.748859],[37.589535,53.730237],[37.578938,53.731145],[37.560866,53.72739],[37.554364,53.719544],[37.554261,53.709424],[37.561941,53.70494],[37.556668,53.701575],[37.556975,53.697029],[37.51141,53.691997]]]}},{"type":"Feature","properties":{"osm_relation_id":1748990,"name":"Узловский район","admin_level":6,"center":[38.2682,53.9092],"area_km2":612.18,"source":"OpenStreetMap contributors (ODbL), Overpass API","fetched_at":"2026-09-13"},"geometry":{"type":"Polygon","coordinates":[[[38.254357,53.90209],[38.259465,53.901129],[38.258542,53.899017],[38.266382,53.896989],[38.27305,53.906205],[38.267866,53.907713],[38.269672,53.911085],[38.270547,53.911796],[38.280997,53.908901],[38.282112,53.910544],[38.277601,53.91124],[38.27376,53.914127],[38.275376,53.915285],[38.279442,53.9132],[38.285075,53.912419],[38.290156,53.918512],[38.29305,53.919169],[38.295504,53.919223],[38.304373,53.915377],[38.303566,53.912686],[38.300031,53.910097],[38.302752,53.909427],[38.305308,53.916211],[38.309227,53.918847],[38.32154,53.919303],[38.328342,53.916205],[38.333346,53.917327],[38.331967,53.920015],[38.326651,53.922179],[38.320721,53.927445],[38.313159,53.928488],[38.312389,53.927605],[38.315143,53.926602],[38.31188,53.92414],[38.307417,53.926224],[38.311459,53.92863],[38.3026,53.930189],[38.302379,53.932244],[38.307636,53.933122],[38.309911,53.935503],[38.307808,53.936211],[38.304622,53.935257],[38.304943,53.94036],[38.306885,53.941427],[38.305973,53.942065],[38.303581,53.941989],[38.301564,53.939179],[38.301199,53.938118],[38.303366,53.935743],[38.301306,53.931315],[38.302987,53.929229],[38.303115,53.926096],[38.298218,53.921313],[38.288463,53.923568],[38.283378,53.922714],[38.277807,53.927532],[38.271822,53.92707],[38.273841,53.930153],[38.270055,53.935116],[38.270231,53.938277],[38.272954,53.938099],[38.274609,53.944496],[38.28096,53.947108],[38.277849,53.950814],[38.278424,53.954415],[38.29525,53.957241],[38.303362,53.956697],[38.303684,53.954653],[38.308431,53.956142],[38.314734,53.955687],[38.315331,53.959121],[38.321847,53.958494],[38.332028,53.955019],[38.339629,53.956371],[38.338769,53.957968],[38.346274,53.959524],[38.350772,53.958257],[38.357329,53.959164],[38.363012,53.958089],[38.381442,53.960867],[38.387331,53.960156],[38.40771,53.952932],[38.41365,53.943062],[38.414147,53.941336],[38.409013,53.941438],[38.408525,53.943572],[38.405247,53.943656],[38.405697,53.940578],[38.402646,53.934652],[38.403484,53.932478],[38.40063,53.932122],[38.40178,53.928016],[38.399019,53.927681],[38.401051,53.925174],[38.400851,53.922771],[38.409595,53.920408],[38.40982,53.918905],[38.420444,53.919009],[38.419541,53.917125],[38.439861,53.917921],[38.438376,53.922584],[38.435377,53.922517],[38.433062,53.927298],[38.426335,53.930195],[38.427429,53.936599],[38.421099,53.93677],[38.415423,53.938943],[38.41453,53.942923],[38.407453,53.955534],[38.385801,53.962322],[38.370373,53.960668],[38.368463,53.968362],[38.365767,53.968214],[38.365938,53.969358],[38.369406,53.970698],[38.368418,53.971624],[38.369861,53.972707],[38.373587,53.973502],[38.370818,53.974771],[38.38508,53.981585],[38.382449,53.984184],[38.389482,53.988424],[38.387056,53.989406],[38.388915,53.991232],[38.389958,53.995961],[38.398687,53.994595],[38.401946,53.996202],[38.400396,53.997783],[38.404842,53.997781],[38.408295,53.992549],[38.408996,53.988739],[38.404549,53.982998],[38.409762,53.980354],[38.421422,53.979267],[38.430551,53.973972],[38.434898,53.967714],[38.438771,53.967259],[38.442536,53.963444],[38.446247,53.954265],[38.443166,53.947492],[38.441023,53.946124],[38.444229,53.944288],[38.445922,53.936674],[38.442187,53.932151],[38.447982,53.927532],[38.448678,53.923722],[38.442279,53.919117],[38.443632,53.914547],[38.448248,53.907323],[38.452798,53.905056],[38.457964,53.90508],[38.464358,53.910066],[38.467033,53.902832],[38.475513,53.896006],[38.476866,53.891055],[38.479477,53.888778],[38.48081,53.885352],[38.464096,53.882628],[38.467955,53.881101],[38.475145,53.873888],[38.475202,53.869312],[38.486829,53.868218],[38.492023,53.865571],[38.492063,53.859874],[38.514111,53.852316],[38.516735,53.848513],[38.533611,53.838666],[38.534332,53.831805],[38.538267,53.825719],[38.532767,53.819363],[38.528829,53.819775],[38.518709,53.815935],[38.520842,53.812143],[38.517862,53.806572],[38.51018,53.802346],[38.515995,53.800845],[38.517962,53.797802],[38.512214,53.793584],[38.511041,53.783665],[38.499931,53.776347],[38.489905,53.774425],[38.48802,53.770603],[38.492577,53.766428],[38.490692,53.762607],[38.475981,53.755298],[38.467713,53.747635],[38.445779,53.739368],[38.442333,53.739207],[38.439558,53.739995],[38.436589,53.742823],[38.439041,53.757516],[38.436574,53.75978],[38.407232,53.763827],[38.339034,53.777008],[38.333686,53.781048],[38.330492,53.804142],[38.334032,53.804889],[38.338144,53.829819],[38.345648,53.829723],[38.347277,53.830715],[38.347641,53.832791],[38.346694,53.83414],[38.339197,53.834554],[38.335555,53.83678],[38.335752,53.848934],[38.322063,53.851528],[38.318055,53.850143],[38.313036,53.843063],[38.30906,53.842821],[38.295267,53.846123],[38.281426,53.846997],[38.28404,53.857058],[38.278898,53.86105],[38.271001,53.858734],[38.267237,53.846279],[38.265451,53.846082],[38.250754,53.850061],[38.235095,53.850857],[38.220502,53.849397],[38.21708,53.851702],[38.178317,53.851042],[38.171582,53.849808],[38.159038,53.843574],[38.157403,53.839586],[38.173843,53.838445],[38.183483,53.840397],[38.180674,53.806795],[38.161366,53.806841],[38.158646,53.808313],[38.156516,53.812739],[38.148811,53.812367],[38.146804,53.82585],[38.136303,53.830035],[38.135649,53.828887],[38.134225,53.829383],[38.130499,53.833515],[38.115473,53.82705],[38.108971,53.831862],[38.107262,53.831629],[38.093635,53.821427],[38.076376,53.827877],[38.095118,53.844091],[38.114155,53.851777],[38.108721,53.856054],[38.107093,53.855903],[38.099215,53.864156],[38.051048,53.845073],[38.04408,53.85064],[38.049543,53.857227],[38.057521,53.861252],[38.057869,53.863226],[38.05608,53.863622],[38.049518,53.870989],[38.076004,53.884402],[38.027552,53.918473],[38.012552,53.91427],[37.998361,53.921512],[38.009195,53.931081],[38.006151,53.933284],[38.003864,53.937284],[37.998046,53.940979],[38.006114,53.95136],[38.011075,53.952624],[38.013242,53.95539],[38.018211,53.956672],[38.02188,53.954602],[38.038967,53.977511],[38.032144,53.978319],[38.03074,53.977291],[38.021917,53.986298],[38.015458,53.988002],[38.01563,53.993288],[38.020576,53.99277],[38.04451,54.00239],[38.041175,54.010099],[38.037584,54.012631],[38.040845,54.016892],[38.051252,54.016388],[38.050909,54.017737],[38.042283,54.018355],[38.045526,54.021312],[38.043699,54.022578],[38.039322,54.021947],[38.040738,54.024127],[38.039719,54.02738],[38.031351,54.031762],[38.029163,54.034383],[38.027789,54.039247],[38.031308,54.040633],[38.031952,54.042221],[38.025099,54.045735],[38.041973,54.074741],[38.043216,54.079105],[38.054791,54.079111],[38.062626,54.075418],[38.06897,54.075267],[38.074077,54.079052],[38.082785,54.07892],[38.088965,54.074791],[38.09875,54.073834],[38.112867,54.077645],[38.119636,54.076688],[38.134474,54.066317],[38.121115,54.054028],[38.128284,54.03501],[38.126718,54.03266],[38.140226,54.026909],[38.149258,54.032828],[38.155908,54.029527],[38.157961,54.030733],[38.173062,54.026807],[38.174795,54.028988],[38.198391,54.023708],[38.210698,54.022374],[38.214338,54.018929],[38.223108,54.017512],[38.238786,54.002778],[38.243032,53.996151],[38.262329,54.000486],[38.263678,53.998214],[38.253669,53.995609],[38.256553,53.990471],[38.262463,53.991442],[38.26562,53.987054],[38.268787,53.987808],[38.283927,53.97515],[38.284538,53.974116],[38.277319,53.969591],[38.280527,53.967891],[38.284251,53.969085],[38.289747,53.964522],[38.29007,53.962016],[38.269248,53.96064],[38.269378,53.951174],[38.256067,53.948881],[38.257034,53.94588],[38.261274,53.944615],[38.262479,53.942917],[38.25934,53.939001],[38.259411,53.93618],[38.267037,53.933232],[38.26114,53.932107],[38.258789,53.933294],[38.244894,53.932248],[38.24402,53.928432],[38.248979,53.926895],[38.24964,53.925003],[38.256006,53.923724],[38.263216,53.925758],[38.263189,53.924089],[38.266556,53.923856],[38.27329,53.919197],[38.272,53.916353],[38.270254,53.915868],[38.259195,53.917038],[38.262274,53.914545],[38.262666,53.910936],[38.252866,53.911192],[38.253041,53.912403],[38.250101,53.914374],[38.246078,53.909774],[38.248063,53.9088],[38.24688,53.906948],[38.25361,53.905741],[38.253021,53.908522],[38.254995,53.910949],[38.261604,53.910406],[38.257356,53.904958],[38.253858,53.905628],[38.251958,53.903211],[38.254357,53.90209]]]}},{"type":"Feature","properties":{"osm_relation_id":1748991,"name":"Ясногорский район","admin_level":6,"center":[37.794,54.5819],"area_km2":1294.79,"source":"OpenStreetMap contributors (ODbL), Overpass API","fetched_at":"2026-09-13"},"geometry":{"type":"Polygon","coordinates":[[[38.001392,54.519073],[37.999709,54.518688],[38.001141,54.516611],[38.000473,54.514339],[38.005103,54.512233],[38.010592,54.512953],[38.018038,54.511595],[38.018754,54.510404],[38.030162,54.513507],[38.039851,54.51384],[38.041856,54.515364],[38.051164,54.515225],[38.048984,54.509589],[38.051875,54.499808],[38.063378,54.499752],[38.063904,54.501387],[38.068915,54.501554],[38.07512,54.497451],[38.077412,54.494291],[38.076839,54.493293],[38.073641,54.493432],[38.073354,54.49188],[38.069775,54.490577],[38.067054,54.492101],[38.064333,54.490909],[38.054978,54.494458],[38.051255,54.492905],[38.050109,54.489357],[38.056696,54.48517],[38.054739,54.483617],[38.060324,54.472247],[38.074261,54.468668],[38.075216,54.470749],[38.083855,54.474771],[38.082757,54.478126],[38.085383,54.47821],[38.087722,54.479929],[38.090586,54.479291],[38.089488,54.474687],[38.086862,54.472441],[38.08271,54.464341],[38.080801,54.463842],[38.075216,54.465672],[38.061422,54.455379],[38.058176,54.454519],[38.054596,54.450495],[38.045909,54.446138],[38.042472,54.445972],[38.029489,54.438838],[38.029394,54.437117],[38.031398,54.435757],[38.032735,54.432037],[38.032735,54.429316],[38.04567,54.429177],[38.047627,54.427205],[38.042615,54.422235],[38.03536,54.419513],[38.031351,54.420513],[38.028869,54.419319],[38.019609,54.42104],[38.011972,54.419319],[38.007055,54.417847],[38.006673,54.414486],[37.999323,54.415014],[37.995695,54.413653],[37.988822,54.404791],[37.985672,54.402846],[37.978941,54.400762],[37.958751,54.400179],[37.9535,54.396678],[37.952641,54.394566],[37.955028,54.391286],[37.955839,54.38759],[37.96677,54.378751],[37.967104,54.375943],[37.96844,54.375414],[37.969777,54.371939],[37.96171,54.3718],[37.948011,54.367573],[37.936317,54.366461],[37.933996,54.364414],[37.935983,54.362178],[37.935315,54.360927],[37.925243,54.357422],[37.905435,54.353361],[37.900757,54.354808],[37.896032,54.363152],[37.893979,54.361539],[37.884916,54.359687],[37.869552,54.364628],[37.862721,54.364491],[37.856387,54.36687],[37.857247,54.368211],[37.852592,54.3755],[37.854712,54.375957],[37.854869,54.377268],[37.851493,54.382466],[37.842463,54.383472],[37.84084,54.385012],[37.832805,54.385423],[37.831182,54.381338],[37.82668,54.3796],[37.818017,54.379722],[37.810479,54.385332],[37.805323,54.384539],[37.795586,54.38998],[37.789331,54.390864],[37.782369,54.387374],[37.780929,54.385134],[37.789252,54.377741],[37.787028,54.376613],[37.789488,54.374478],[37.78763,54.372008],[37.782316,54.372008],[37.782447,54.36995],[37.790509,54.364018],[37.787499,54.359962],[37.785614,54.353846],[37.782604,54.350261],[37.765199,54.351588],[37.76656,54.349102],[37.763472,54.348278],[37.756902,54.350368],[37.745333,54.346569],[37.733922,54.346096],[37.724369,54.342048],[37.721822,54.339126],[37.713355,54.340605],[37.709832,54.344114],[37.706145,54.344512],[37.702793,54.346713],[37.696023,54.344565],[37.69495,54.345877],[37.690422,54.346136],[37.68893,54.347479],[37.683094,54.345969],[37.670845,54.345587],[37.666159,54.34429],[37.665767,54.342322],[37.662993,54.342124],[37.660768,54.329275],[37.6626,54.329168],[37.661003,54.322834],[37.659669,54.321674],[37.661213,54.321185],[37.65569,54.31688],[37.643159,54.313122],[37.638337,54.313506],[37.635781,54.31782],[37.632691,54.317815],[37.631833,54.321307],[37.635386,54.322009],[37.635497,54.327276],[37.64266,54.333611],[37.630778,54.335607],[37.630741,54.334582],[37.620173,54.335208],[37.622413,54.338175],[37.620784,54.340441],[37.612159,54.345242],[37.602684,54.353968],[37.602672,54.359688],[37.593056,54.364215],[37.595908,54.367259],[37.596038,54.372098],[37.602721,54.372638],[37.61438,54.383963],[37.610327,54.384621],[37.610938,54.388522],[37.608532,54.39114],[37.598408,54.39113],[37.59789,54.396851],[37.599834,54.399426],[37.5886,54.404608],[37.590395,54.407506],[37.582381,54.407387],[37.584028,54.410576],[37.579679,54.410543],[37.572239,54.415508],[37.576514,54.420279],[37.575256,54.420936],[37.5757,54.426739],[37.571684,54.426901],[37.573701,54.430271],[37.57805,54.429862],[37.577125,54.433802],[37.578458,54.434663],[37.579586,54.444856],[37.571684,54.447503],[37.56243,54.448267],[37.556138,54.443995],[37.556064,54.442908],[37.56206,54.442294],[37.558655,54.438473],[37.559173,54.435567],[37.546088,54.436676],[37.538186,54.434835],[37.530672,54.430917],[37.529857,54.428182],[37.534928,54.425415],[37.514052,54.421916],[37.512756,54.41833],[37.505927,54.418664],[37.503743,54.421097],[37.501675,54.421134],[37.497271,54.417588],[37.497422,54.415478],[37.493173,54.413836],[37.490678,54.416923],[37.484431,54.41816],[37.489681,54.41971],[37.498119,54.43009],[37.494836,54.435026],[37.491445,54.435401],[37.488602,54.437922],[37.487723,54.440705],[37.488828,54.44121],[37.487776,54.44214],[37.488796,54.4435],[37.486736,54.447168],[37.488002,54.448746],[37.481425,54.453718],[37.4815,54.454716],[37.483946,54.455308],[37.481983,54.458021],[37.483828,54.458739],[37.482916,54.4594],[37.483828,54.460909],[37.481253,54.461314],[37.479333,54.467176],[37.475202,54.470586],[37.476951,54.472195],[37.476168,54.474421],[37.477552,54.475792],[37.473271,54.476397],[37.472209,54.480367],[37.473711,54.484219],[37.476865,54.485983],[37.475202,54.486968],[37.4765,54.490395],[37.47378,54.491657],[37.479826,54.494116],[37.482787,54.492919],[37.496576,54.495044],[37.497207,54.491898],[37.494546,54.490676],[37.508379,54.489417],[37.509425,54.492722],[37.506042,54.495914],[37.506991,54.496907],[37.510553,54.495686],[37.513847,54.497269],[37.509934,54.506701],[37.520192,54.508964],[37.522875,54.507119],[37.52288,54.502197],[37.532783,54.503362],[37.533856,54.505679],[37.53814,54.506345],[37.555092,54.501167],[37.563073,54.509029],[37.568918,54.50999],[37.566987,54.51146],[37.568932,54.512334],[37.568227,54.513544],[37.57218,54.513378],[37.572359,54.514682],[37.575313,54.513278],[37.579733,54.513827],[37.590505,54.519008],[37.591209,54.520553],[37.589002,54.522371],[37.58064,54.524481],[37.586138,54.526387],[37.588402,54.526011],[37.587579,54.529072],[37.588756,54.531019],[37.594982,54.531606],[37.597013,54.536509],[37.601072,54.53585],[37.602231,54.537319],[37.607348,54.537941],[37.60987,54.551658],[37.607842,54.557766],[37.603882,54.563283],[37.605512,54.563913],[37.62356,54.56094],[37.62606,54.562826],[37.628753,54.562856],[37.633817,54.56094],[37.630748,54.565925],[37.639356,54.565846],[37.648322,54.562483],[37.651412,54.564548],[37.651762,54.566941],[37.659667,54.570014],[37.66579,54.567705],[37.66747,54.569135],[37.680289,54.568708],[37.685706,54.567702],[37.68686,54.565021],[37.694228,54.564558],[37.738659,54.564026],[37.740402,54.565419],[37.761629,54.567521],[37.765111,54.57574],[37.771443,54.582063],[37.764837,54.583429],[37.764107,54.586003],[37.768267,54.586626],[37.752625,54.593222],[37.754327,54.607238],[37.747403,54.60808],[37.741813,54.614417],[37.740644,54.618009],[37.743141,54.621263],[37.752467,54.627219],[37.755171,54.630481],[37.750053,54.636393],[37.753046,54.640628],[37.752767,54.643645],[37.748115,54.647718],[37.74976,54.653296],[37.75374,54.655341],[37.759154,54.662295],[37.750118,54.661544],[37.736029,54.665909],[37.727896,54.664641],[37.718185,54.668985],[37.711405,54.683557],[37.705633,54.685328],[37.696387,54.698984],[37.70147,54.703696],[37.692423,54.707763],[37.693113,54.712794],[37.686869,54.713847],[37.688834,54.719198],[37.69461,54.723802],[37.703371,54.720764],[37.727261,54.724849],[37.740334,54.732324],[37.744046,54.732935],[37.743357,54.734071],[37.758426,54.743],[37.762964,54.743956],[37.761599,54.747933],[37.766236,54.751785],[37.757873,54.752167],[37.763837,54.771646],[37.7714,54.770291],[37.775636,54.771395],[37.775818,54.774626],[37.774685,54.775993],[37.776972,54.778739],[37.775179,54.780366],[37.778029,54.785024],[37.770391,54.786313],[37.770816,54.795458],[37.769412,54.798489],[37.764281,54.798655],[37.764504,54.803718],[37.773191,54.805462],[37.776233,54.811213],[37.77517,54.813465],[37.779168,54.815614],[37.772484,54.818067],[37.773078,54.820749],[37.769487,54.821084],[37.771153,54.825182],[37.7575,54.829067],[37.754292,54.827548],[37.74816,54.83237],[37.793348,54.832336],[37.794397,54.832768],[37.792103,54.834333],[37.869544,54.843173],[37.893777,54.849896],[37.925736,54.850629],[37.938469,54.849673],[37.957031,54.841209],[37.97445,54.839807],[37.975539,54.835756],[37.974513,54.833271],[37.989726,54.825525],[37.987923,54.822906],[37.985753,54.822884],[37.984779,54.821486],[37.987716,54.819747],[37.985327,54.818429],[37.989165,54.817498],[37.989453,54.815909],[37.984638,54.811506],[37.983055,54.80633],[37.979873,54.80547],[37.983712,54.802973],[37.982201,54.798755],[37.97311,54.792014],[37.967042,54.790856],[37.966677,54.789398],[37.964308,54.788317],[37.963853,54.785979],[37.959541,54.786029],[37.958385,54.783338],[37.953996,54.7807],[37.962396,54.778391],[37.963982,54.776895],[37.964674,54.778816],[37.983619,54.774918],[37.998749,54.783971],[38.016485,54.783102],[38.012209,54.776192],[38.039657,54.764673],[38.044821,54.734262],[38.031018,54.736143],[38.027724,54.725001],[38.027778,54.722256],[38.029237,54.720403],[38.027778,54.718491],[38.050165,54.720846],[38.052071,54.718315],[38.056248,54.717028],[38.059993,54.713746],[38.06954,54.709796],[38.068258,54.69824],[38.071735,54.689716],[38.070823,54.685873],[38.060158,54.680488],[38.050539,54.670086],[38.04983,54.668876],[38.051535,54.663916],[38.06274,54.663994],[38.066622,54.665653],[38.068107,54.66495],[38.068039,54.663311],[38.066149,54.662959],[38.066014,54.661807],[38.071988,54.657473],[38.073811,54.657395],[38.086704,54.664931],[38.084274,54.669186],[38.089944,54.669479],[38.098483,54.665009],[38.101116,54.661241],[38.105672,54.651674],[38.105031,54.646831],[38.106212,54.643589],[38.111038,54.639937],[38.115797,54.638453],[38.114009,54.634253],[38.111241,54.632397],[38.099327,54.626965],[38.086096,54.622921],[38.079751,54.618661],[38.081169,54.615592],[38.079042,54.612758],[38.080359,54.610706],[38.085691,54.6084],[38.088054,54.603493],[38.078806,54.597843],[38.077557,54.589121],[38.069423,54.585034],[38.070706,54.580809],[38.081236,54.578305],[38.081337,54.567349],[38.077456,54.558269],[38.077186,54.553924],[38.084949,54.550792],[38.082924,54.547836],[38.084038,54.546054],[38.083362,54.544645],[38.073035,54.541629],[38.067162,54.540964],[38.063449,54.542373],[38.065137,54.5458],[38.072393,54.546759],[38.073136,54.547679],[38.07128,54.551359],[38.075431,54.554609],[38.071887,54.559541],[38.066149,54.562437],[38.065441,54.566468],[38.06031,54.566801],[38.060142,54.568327],[38.062538,54.56954],[38.062234,54.570714],[38.057273,54.570029],[38.058218,54.564981],[38.052885,54.562711],[38.047755,54.565959],[38.041106,54.567897],[38.043941,54.571829],[38.039969,54.576895],[38.039114,54.577112],[38.039269,54.57444],[38.037845,54.574203],[38.025831,54.575033],[38.026795,54.571242],[38.020585,54.570988],[38.027133,54.563533],[38.02612,54.562378],[38.02693,54.559208],[38.02477,54.558523],[38.025074,54.557173],[38.048565,54.550126],[38.051873,54.546896],[38.054134,54.546916],[38.058386,54.543705],[38.058521,54.542413],[38.054809,54.538477],[38.04222,54.541884],[38.037495,54.540357],[38.035199,54.536245],[38.027538,54.531995],[38.023859,54.532132],[38.032702,54.537948],[38.032837,54.541101],[38.025565,54.541868],[38.020484,54.541022],[38.013362,54.532798],[38.017412,54.531486],[38.016366,54.529782],[38.010527,54.524788],[38.005971,54.524435],[38.001392,54.519073]]]}},{"type":"Feature","properties":{"osm_relation_id":4775559,"name":"городской округ Тула","admin_level":6,"center":[37.5949,54.2311],"area_km2":1501.57,"source":"OpenStreetMap contributors (ODbL), Overpass API","fetched_at":"2026-09-13"},"geometry":{"type":"Polygon","coordinates":[[[37.791834,54.12309],[37.792931,54.125418],[37.798468,54.123621],[37.799694,54.12634],[37.80629,54.127523],[37.806086,54.129391],[37.807913,54.130358],[37.815547,54.128977],[37.819196,54.125268],[37.827126,54.123443],[37.822093,54.121991],[37.823258,54.120002],[37.837298,54.119686],[37.838231,54.120083],[37.837334,54.121353],[37.83825,54.123433],[37.841057,54.125434],[37.848381,54.125458],[37.848909,54.123699],[37.852939,54.123496],[37.856551,54.126368],[37.865173,54.129235],[37.868011,54.131168],[37.872414,54.137336],[37.872491,54.139038],[37.863074,54.143894],[37.860142,54.148021],[37.861061,54.155381],[37.865349,54.154883],[37.86563,54.157005],[37.863751,54.158742],[37.867006,54.160238],[37.860346,54.161236],[37.857687,54.164842],[37.84739,54.171802],[37.836571,54.168728],[37.821547,54.170072],[37.825616,54.172932],[37.823411,54.17542],[37.823888,54.1786],[37.82057,54.179584],[37.828184,54.190557],[37.822365,54.19573],[37.823002,54.199732],[37.821024,54.201607],[37.821547,54.204438],[37.826275,54.206898],[37.829662,54.206313],[37.830548,54.208294],[37.829366,54.21038],[37.833071,54.213624],[37.832957,54.215072],[37.853914,54.21898],[37.856778,54.217385],[37.860849,54.217556],[37.859986,54.214898],[37.862904,54.214751],[37.862369,54.218173],[37.864522,54.219913],[37.870547,54.219318],[37.870132,54.215398],[37.883016,54.214384],[37.884674,54.212998],[37.895561,54.213582],[37.894856,54.215696],[37.895835,54.215928],[37.899291,54.214258],[37.897607,54.216692],[37.898682,54.218563],[37.894756,54.218745],[37.88564,54.222731],[37.881549,54.22309],[37.879988,54.224499],[37.881691,54.227692],[37.880964,54.229273],[37.87827,54.229758],[37.878236,54.230708],[37.879827,54.230629],[37.878577,54.232515],[37.882987,54.234813],[37.880805,54.235942],[37.881896,54.237975],[37.886169,54.236182],[37.889487,54.23662],[37.888533,54.242185],[37.889896,54.243739],[37.89326,54.242996],[37.896602,54.244271],[37.905716,54.244696],[37.903329,54.246143],[37.902761,54.248574],[37.906375,54.247418],[37.908739,54.248906],[37.909307,54.25524],[37.911671,54.256143],[37.910375,54.259834],[37.915491,54.26069],[37.910481,54.252735],[37.913217,54.252319],[37.917399,54.248985],[37.919035,54.250055],[37.917786,54.250475],[37.918248,54.251764],[37.920241,54.251642],[37.923655,54.254888],[37.928283,54.252383],[37.929365,54.254103],[37.928285,54.255716],[37.93469,54.255821],[37.937127,54.257527],[37.940284,54.255942],[37.953662,54.258116],[37.95547,54.261],[37.952308,54.267094],[37.954694,54.269735],[37.962354,54.272748],[37.962877,54.27446],[37.960822,54.277087],[37.97322,54.275951],[37.975229,54.27795],[37.987139,54.279094],[37.994034,54.281769],[38.008122,54.280993],[38.012009,54.282622],[38.013719,54.285108],[38.024679,54.289213],[38.024561,54.291528],[38.028695,54.2956],[38.032334,54.29591],[38.035426,54.294079],[38.036709,54.299276],[38.034601,54.308514],[38.028102,54.315951],[38.020846,54.316867],[37.986028,54.307668],[37.973014,54.308965],[37.957125,54.299816],[37.95017,54.297137],[37.947261,54.296739],[37.947215,54.299259],[37.944988,54.300241],[37.936851,54.299922],[37.932714,54.301885],[37.926759,54.300347],[37.923088,54.301586],[37.920317,54.299726],[37.920864,54.296031],[37.919417,54.293873],[37.922085,54.293123],[37.929607,54.296443],[37.936068,54.29316],[37.929478,54.289277],[37.92456,54.287945],[37.921635,54.292354],[37.910867,54.292241],[37.910803,54.2965],[37.915881,54.296556],[37.916428,54.298469],[37.904052,54.299291],[37.904984,54.302987],[37.904213,54.304299],[37.901593,54.30389],[37.900838,54.306056],[37.902718,54.307275],[37.904277,54.304547],[37.909999,54.306494],[37.91061,54.309644],[37.912986,54.310662],[37.911231,54.312944],[37.915354,54.313872],[37.915081,54.316299],[37.9211,54.316178],[37.921987,54.319744],[37.924555,54.321838],[37.917396,54.324163],[37.917805,54.322784],[37.915077,54.319842],[37.911713,54.320822],[37.910077,54.31947],[37.903303,54.319232],[37.900167,54.313955],[37.897894,54.314379],[37.894311,54.317495],[37.888736,54.316885],[37.887951,54.321052],[37.885674,54.323251],[37.883396,54.324899],[37.878345,54.324029],[37.878921,54.32609],[37.877272,54.327753],[37.873765,54.326975],[37.872796,54.328745],[37.875492,54.329554],[37.866593,54.333812],[37.869577,54.335491],[37.868661,54.337292],[37.877298,54.337429],[37.88008,54.339945],[37.87756,54.341717],[37.867902,54.344188],[37.860872,54.34286],[37.867202,54.345147],[37.870992,54.350642],[37.870678,54.352473],[37.884916,54.359687],[37.869552,54.364628],[37.862721,54.364491],[37.856387,54.36687],[37.857247,54.368211],[37.852592,54.3755],[37.854712,54.375957],[37.854869,54.377268],[37.851493,54.382466],[37.842463,54.383472],[37.84084,54.385012],[37.832805,54.385423],[37.831182,54.381338],[37.82668,54.3796],[37.818017,54.379722],[37.810479,54.385332],[37.805323,54.384539],[37.802496,54.386871],[37.791686,54.391001],[37.784436,54.388608],[37.780929,54.385134],[37.789252,54.377741],[37.787028,54.376613],[37.789488,54.374478],[37.78763,54.372008],[37.782316,54.372008],[37.782447,54.36995],[37.790509,54.364018],[37.787499,54.359962],[37.785614,54.353846],[37.782604,54.350261],[37.765199,54.351588],[37.76656,54.349102],[37.763472,54.348278],[37.756902,54.350368],[37.745333,54.346569],[37.733922,54.346096],[37.724369,54.342048],[37.721822,54.339126],[37.713355,54.340605],[37.709832,54.344114],[37.706145,54.344512],[37.702793,54.346713],[37.696023,54.344565],[37.69495,54.345877],[37.690422,54.346136],[37.68893,54.347479],[37.683094,54.345969],[37.670845,54.345587],[37.666159,54.34429],[37.665767,54.342322],[37.662993,54.342124],[37.660768,54.329275],[37.6626,54.329168],[37.661003,54.322834],[37.659669,54.321674],[37.661213,54.321185],[37.65569,54.31688],[37.643159,54.313122],[37.638337,54.313506],[37.635781,54.31782],[37.632691,54.317815],[37.631833,54.321307],[37.635386,54.322009],[37.635497,54.327276],[37.642937,54.333309],[37.630778,54.335607],[37.630741,54.334582],[37.620173,54.335208],[37.622413,54.338175],[37.620784,54.340441],[37.612159,54.345242],[37.602684,54.353968],[37.602672,54.359688],[37.593056,54.364215],[37.595908,54.367259],[37.596038,54.372098],[37.602721,54.372638],[37.61438,54.383963],[37.610327,54.384621],[37.610938,54.388522],[37.608532,54.39114],[37.598408,54.39113],[37.59789,54.396851],[37.599834,54.399426],[37.5886,54.404608],[37.590395,54.407506],[37.582381,54.407387],[37.584028,54.410576],[37.579679,54.410543],[37.572239,54.415508],[37.576514,54.420279],[37.575256,54.420936],[37.5757,54.426739],[37.571684,54.426901],[37.573701,54.430271],[37.57805,54.429862],[37.577125,54.433802],[37.578458,54.434663],[37.579586,54.444856],[37.571684,54.447503],[37.56243,54.448267],[37.556138,54.443995],[37.556064,54.442908],[37.56206,54.442294],[37.558655,54.438473],[37.559173,54.435567],[37.546088,54.436676],[37.538186,54.434835],[37.530672,54.430917],[37.529857,54.428182],[37.534928,54.425415],[37.514052,54.421916],[37.512756,54.41833],[37.505927,54.418664],[37.503743,54.421097],[37.501675,54.421134],[37.497271,54.417588],[37.497422,54.415478],[37.493173,54.413836],[37.490678,54.416923],[37.484431,54.41816],[37.483442,54.419404],[37.486038,54.422232],[37.48518,54.423412],[37.480545,54.424461],[37.475159,54.423112],[37.472423,54.419854],[37.466093,54.421327],[37.427909,54.442233],[37.429851,54.444342],[37.425109,54.444822],[37.417878,54.447786],[37.41349,54.447823],[37.405647,54.441104],[37.405529,54.438733],[37.401559,54.437616],[37.382205,54.437666],[37.379179,54.432761],[37.369609,54.433972],[37.367871,54.429479],[37.383063,54.425522],[37.386689,54.427744],[37.388964,54.424823],[37.387783,54.423487],[37.389221,54.422151],[37.394864,54.420416],[37.39922,54.420753],[37.39965,54.419042],[37.405507,54.419816],[37.407138,54.416458],[37.404027,54.414123],[37.406162,54.413255],[37.410271,54.413854],[37.410475,54.415059],[37.420507,54.415596],[37.428017,54.406805],[37.425892,54.399686],[37.427437,54.397312],[37.417202,54.394352],[37.409327,54.395963],[37.406237,54.395201],[37.402589,54.398574],[37.397482,54.399786],[37.398105,54.401559],[37.394886,54.403995],[37.384801,54.403196],[37.379265,54.400485],[37.376261,54.401185],[37.376132,54.403545],[37.362935,54.407017],[37.358065,54.402846],[37.342057,54.400548],[37.339504,54.399199],[37.343173,54.395851],[37.334011,54.391741],[37.337165,54.38678],[37.33768,54.383382],[37.340641,54.383631],[37.341607,54.380382],[37.33077,54.374108],[37.325277,54.372702],[37.323818,54.371184],[37.324559,54.37004],[37.318883,54.365621],[37.313669,54.370971],[37.314377,54.372521],[37.30824,54.374133],[37.307532,54.372909],[37.305322,54.373109],[37.299914,54.375258],[37.279122,54.365383],[37.27704,54.361433],[37.280066,54.358132],[37.273414,54.343412],[37.268028,54.341836],[37.260894,54.342587],[37.258962,54.341586],[37.258608,54.338765],[37.256666,54.33844],[37.25937,54.334862],[37.259155,54.332397],[37.25701,54.33052],[37.259327,54.330445],[37.258297,54.329588],[37.259413,54.328519],[37.265582,54.325353],[37.269959,54.324739],[37.270088,54.323325],[37.267709,54.322454],[37.264575,54.323723],[37.259857,54.317736],[37.257478,54.318179],[37.255192,54.321512],[37.251669,54.318948],[37.245191,54.319649],[37.244732,54.314337],[37.241763,54.312592],[37.240421,54.308532],[37.242298,54.302855],[37.232569,54.299241],[37.230069,54.301195],[37.227028,54.301324],[37.218855,54.291707],[37.203173,54.291327],[37.204807,54.283098],[37.195229,54.280425],[37.182971,54.280462],[37.179285,54.277495],[37.181405,54.272354],[37.181328,54.268671],[37.188194,54.258499],[37.178958,54.255284],[37.173312,54.251441],[37.162874,54.250807],[37.153194,54.245932],[37.153145,54.242678],[37.175961,54.222984],[37.178301,54.222336],[37.224722,54.227109],[37.222594,54.225735],[37.222985,54.224061],[37.226535,54.22297],[37.228457,54.218318],[37.221105,54.212746],[37.221558,54.209354],[37.217796,54.20803],[37.215132,54.192549],[37.217168,54.192226],[37.219972,54.194481],[37.2234,54.193481],[37.228507,54.195178],[37.240499,54.195748],[37.245288,54.194466],[37.247126,54.195174],[37.247559,54.197004],[37.254837,54.19458],[37.254412,54.19202],[37.249163,54.191548],[37.243689,54.18832],[37.236142,54.189099],[37.236784,54.183621],[37.243334,54.178708],[37.242428,54.177484],[37.237987,54.17695],[37.232046,54.179013],[37.224068,54.176281],[37.22149,54.167186],[37.21096,54.166786],[37.209663,54.165424],[37.211573,54.162891],[37.21356,54.162547],[37.215304,54.163988],[37.220285,54.16247],[37.220232,54.158604],[37.223221,54.157604],[37.223476,54.155992],[37.225796,54.156073],[37.226185,54.153353],[37.231096,54.147847],[37.243333,54.148058],[37.243656,54.145688],[37.239102,54.144309],[37.239782,54.141319],[37.23829,54.139034],[37.236406,54.138682],[37.236563,54.137608],[37.241536,54.132548],[37.244651,54.121567],[37.246483,54.120217],[37.251403,54.121873],[37.25334,54.121152],[37.25708,54.11594],[37.253374,54.114545],[37.255725,54.111172],[37.246849,54.110659],[37.241327,54.104736],[37.234482,54.105335],[37.233893,54.104429],[37.235385,54.103339],[37.233789,54.100761],[37.231302,54.099764],[37.234521,54.094392],[37.24117,54.091997],[37.239887,54.089771],[37.242216,54.087653],[37.240254,54.085672],[37.237924,54.087453],[37.233736,54.087192],[37.22824,54.088819],[37.222929,54.087784],[37.221134,54.084754],[37.218163,54.083508],[37.223136,54.077335],[37.22256,54.074939],[37.221435,54.072359],[37.21641,54.070916],[37.216776,54.07001],[37.245305,54.069257],[37.259308,54.065233],[37.275954,54.063866],[37.283675,54.059242],[37.323616,54.054034],[37.32605,54.055186],[37.329374,54.060671],[37.334582,54.063912],[37.341571,54.065064],[37.348847,54.072037],[37.349318,54.07388],[37.357667,54.079623],[37.367927,54.084336],[37.383553,54.089142],[37.407228,54.064236],[37.41695,54.052159],[37.423493,54.05746],[37.446395,54.053296],[37.454954,54.054725],[37.456917,54.056815],[37.456158,54.069533],[37.459822,54.074525],[37.478614,54.075477],[37.486001,54.077767],[37.491413,54.081128],[37.499763,54.082264],[37.507745,54.087177],[37.516733,54.086824],[37.527947,54.08029],[37.534346,54.079947],[37.532435,54.081687],[37.535606,54.083678],[37.540357,54.082012],[37.536337,54.079158],[37.537968,54.078375],[37.543941,54.079467],[37.545382,54.077072],[37.544102,54.07599],[37.550857,54.069525],[37.556098,54.067216],[37.560632,54.067711],[37.569894,54.063302],[37.575076,54.05874],[37.579,54.057111],[37.587772,54.056002],[37.594807,54.051838],[37.605798,54.049984],[37.608871,54.045401],[37.608463,54.04216],[37.612165,54.038226],[37.625379,54.032791],[37.628081,54.030335],[37.627637,54.028117],[37.630228,54.025943],[37.631005,54.021855],[37.636076,54.020137],[37.655393,54.023814],[37.673186,54.015772],[37.682977,54.013986],[37.686984,54.014927],[37.685964,54.018672],[37.68667,54.020394],[37.684869,54.021095],[37.688696,54.025098],[37.693337,54.028701],[37.705145,54.033571],[37.70707,54.03544],[37.707736,54.038766],[37.723411,54.035737],[37.724705,54.039252],[37.720296,54.043652],[37.723254,54.046403],[37.734718,54.048647],[37.744114,54.054738],[37.7525,54.057238],[37.745334,54.058102],[37.745118,54.061858],[37.750121,54.064414],[37.751111,54.067239],[37.749131,54.068841],[37.753068,54.071833],[37.752027,54.078079],[37.749746,54.079915],[37.749648,54.084719],[37.755172,54.092008],[37.754285,54.096191],[37.749012,54.098292],[37.750827,54.100554],[37.75582,54.099862],[37.757862,54.1009],[37.756296,54.103455],[37.747492,54.105849],[37.747174,54.109761],[37.74082,54.113764],[37.734657,54.114861],[37.733831,54.117103],[37.745595,54.123771],[37.753833,54.117776],[37.76472,54.117509],[37.769925,54.120826],[37.774971,54.120693],[37.777085,54.119201],[37.776835,54.117589],[37.784222,54.115111],[37.790946,54.115749],[37.79919,54.121578],[37.791834,54.12309]]]}}]}